id,group,label
1645,Abu Dhabi,"ABU DHABI, UAE"
1791,Abu Dhabi,"Menlo Park, CA / Abu Dhabi, UAE"
2453,Abu Dhabi,"MIAMI, FL & ABU DHABI"
1679,Africa,Africa
2080,Africa,"Johannesburg, South Africa"
1697,Africa,"Mahe, Seychelles"
1882,Africa,Nairobi
471,Algeria,"Tokyo and Oran, Algeria"
2092,Amsterdam,Amsterdam
768,Angola,"LUANDA, ANGOLA"
439,APAC,"Amsterdam, Beijing and Ottawa"
252,APAC,APAC
565,APAC,Minneapolis and Shenzhen
1335,Argentina,"BUENOS AIRES, ARGENTINA / LIMA, PERU"
1091,Asia,Asia
387,Asia,Asia Pacific
1660,Australia,"Adelaide / Brisbane, West Australia"
536,Australia,"ADELAIDE, AUS"
1962,Australia,"ADELAIDE, AUS & SAN DIEGO"
461,Australia,"APAC Head Office, Sydney, Australia"
1667,Australia,Australia
1548,Australia,"Beverly Hills, CA and Brisbane, AU"
262,Australia,"Boston, London and Melbourne"
1062,Australia,"Bowen, NSW, Australia"
530,Australia,"BRISBANE, AUS"
777,Australia,"BRISBANE, Australia, and LEHI, Utah"
2323,Australia,"BRISBANE, QUEENSLAND, AUS"
1201,Australia,"BUFFALO, NY and PERTH, AU"
899,Australia,"CAIRNS, AUSTRALIA"
944,Australia,"CANBERA, AUSTRALIA"
2251,Australia,Canberra / Zurich
2067,Australia,"CLAREMONT, AUSTRALIA"
29,Australia,Darwin
1577,Australia,"Dublin, Ireland & Adelaide, Australia"
1515,Australia,"FRANKSTON, AU."
2016,Australia,"Gindie, Queensland, Australia"
2296,Australia,"GOLD COAST, AUSTRALIA"
2023,Australia,"HOBART, Australia"
21,Australia,MELBOURNE
1493,Australia,"MELBOURNE, AU / ACCESSWIRE"
2467,Australia,"Melbourne, Australia"
1858,Australia,NEW YORK / PERTH
1839,Australia,"North Parramatta, Australia"
1351,Australia,PERTH / KUALA LUMPUR
1965,Australia,"Perth, Australia, Vancouver, British Columbia and Greenville, North Carolina"
1167,Australia,"Perth, Kuala Lumpur and Ontario"
316,Australia,"PERTH, W AUSTRALIA"
457,Australia,"Prymont, Australia"
150,Australia,"Queensland, AU"
1398,Australia,"SAN CLEMENTE, CA & MELBOURNE, AU"
2177,Australia,"Seaford, Australia"
2301,Australia,"SEVEN HILLS, AUSTRALIA"
1653,Australia,SYDNEY & SAN FRANCISCO
2033,Australia,"SYDNEY and SANTA CLARA, Calif."
1130,Australia,"SYDNEY, AU"
30,Australia,"Sydney, Aus"
1480,Australia,"SYDNEY, AUSTRALIA / ACCESSWIRE"
681,Australia,"SYDNEY, AUSTRALIA and MUMBAI, INDIA"
658,Australia,"Sydney, Australia and New York"
676,Australia,"SYDNEY, Australia and NEW YORK"
1137,Australia,"SYDNEY, Australia and SEOUL, Korea"
1575,Australia,"Sydney, Kuala Lumpur & Bluffton, SC, USA"
456,Australia,Sydney/London
1881,Australia,"Thebarton, Australia"
98,Australia,"Tokyo, Japan and Sydney"
818,Australia,"ULTIMO, AUSTRALIA"
928,Australia,"Victoria, Australia"
2135,Australia,"WAKE FOREST, N.C. |  ADELAIDE, AUS"
31,Australia,Woomera
1950,Austria,"GRAZ, Austria"
2032,Austria,"JENBACH, AUSTRIA"
1315,Austria,Vienna & Tokyo
198,Austria,"VIENNA, AUSTRIA"
2325,Azerbaijan,BAKU
1566,Azerbaijan,"BAKU, Azerbaijan"
2336,Bahamas,"Nassau, the Bahamas"
1617,BAHRAIN,BAHRAIN
2087,BAHRAIN,"MANAMA, Bahrain"
2008,BAHRAIN,"MANAMA, Bahrain & TOKYO"
1225,Bangladesh,"CHITTAGONG, BANGLADESH"
2307,Bangladesh,Dhaka & Singapore
754,Bangladesh,Dhaka and Tokyo
520,Bangladesh,"Dhaka, Bangladesh"
1427,Bangladesh,SUVA/DHAKA/TOKYO
1956,Barbados,"Bridgetown, Barbados"
102,"Bekasi, West Java","Bekasi, West Java"
1097,Belarus,Minsk and Tokyo
936,Belgium,"Antwerp, Belgium"
2318,Belgium,"ANTWERPEN, BELGIUM"
537,Belgium,"Balen, Belgium"
258,Belgium,Brussels / Utrecht
749,Belgium,Brussels and Tokyo
157,Belgium,"BRUSSELS, BELGIUM"
2348,Belgium,"MORTSEL, BE"
1506,Belize,"Belize City, Belize"
1640,Bermuda,BERMUDA
563,Bermuda,"Hamilton, Bermuda"
503,Bermuda,"PEMBROKE, Bermuda"
272,Brazil,Brazil
2443,Brazil,"Belem, Brazil"
2007,Brazil,"Belo Horizonte, Brazil"
2442,Brazil,"Brasilia, Brazil"
1862,Brazil,"Florianopolis, Brazil"
2424,Brazil,"MANAUS, Brazil,"
1036,Brazil,Rio de Janeiro and Amsterdam
344,Brazil,"Sao Paulo, Brazil"
1815,British Virgin Islands,"Road Town, BVI"
1814,British Virgin Islands,"Tortola, British Virgin Islands"
689,Burkina Faso,"Ouagadougou, Burkina Faso"
1696,BVI,"BVI and Las Vegas, NV"
2137,Cambodia,"KAMPONG SPEU PROVINCE, Cambodia"
455,Cambodia,"Phnom Penh, Cambodia"
785,Cambodia,"Phnom Penh, Cambodia and Tokyo, Japan"
1736,Cambodia,Tokyo & Phnom Penh
1199,Cameroon,CAMEROON and IVORY COAST
390,Canada,"Abbotsford, British Columbia"
82,Canada,"Alliston, ON"
432,Canada,"Amsterdam, Beijing and Ottowa"
1833,Canada,"BROSSARD, QC"
1087,Canada,"BURNABY, BC"
427,Canada,"Calgary, Alberta, Canada"
276,Canada,"Calgary, Canada"
488,Canada,Canada
1371,Canada,"Coquitlam, British Columbia"
1011,Canada,"Edmonton, Alberta"
1915,Canada,"FREDERICTON, N.B."
1730,Canada,"HALIFAX, NS"
1641,Canada,HK / ONTARIO CA
2213,Canada,"Kelowna, British Columbia"
1639,Canada,"Kitchener, ON"
1605,Canada,"LANGLEY, BC"
2193,Canada,"LAVAL, QC"
2394,Canada,"LAVAL, QC and TOKYO"
2293,Canada,"Laval, Quebec"
1987,Canada,"MANITOBA, CANADA"
1060,Canada,"MIRABEL, QUEBEC"
845,Canada,"MISSISSAUGA, ONTARIO"
160,Canada,"MONTREAL, QUEBEC"
2150,Canada,"NEWMARKET, ON"
1949,Canada,"North Vancouver, BC"
2122,Canada,"NOVA SCOTIA, CANADA and OSAKA, JAPAN"
1642,Canada,"ONTARIO, CA"
1838,Canada,"OTTAWA, CA / HSINCHU, TW, R.O.C."
1439,Canada,"OTTAWA, CANADA / ACCESSWIRE"
158,Canada,"OTTAWA, ON"
2468,Canada,"Ottawa, Ontario"
1483,Canada,"PETERBOROUGH, Ontario"
947,Canada,"PRINCE GEORGE & PRINCE RUPERT, BC"
798,Canada,"QUEBEC CITY, Quebec"
1009,Canada,"RICHMOND, BRITISH COLUMBIA"
2425,Canada,"Rouyn-Noranda, Quebec"
1002,Canada,"SAINT-LAURENT, QUEBEC"
881,Canada,"SASKATOON, SK"
637,Canada,Singapore / Vancouver
1619,Canada,"Stirling, Alberta"
2163,Canada,"SURREY, BC"
735,Canada,TORONTO & HONG KONG
806,Canada,TORONTO and HONG KONG
812,Canada,"TORONTO,  NEW YORK and LONDON"
2104,Canada,"TORONTO, CANADA"
512,Canada,"TORONTO, CANADA and HONG KONG, CHINA"
1115,Canada,"TORONTO, CHICAGO, LONDON and HONG KONG"
1110,Canada,"TORONTO, NEW YORK and BEIJING"
548,Canada,"TORONTO, ON"
1525,Canada,"TORONTO, ON / ACCESSWIRE"
1116,Canada,"TORONTO, ON and ALEXANDRIA, VA"
769,Canada,"TORONTO, ON and CANNES, FRANCE"
745,Canada,"TORONTO, ON and LONDON, UK"
1014,Canada,"TORONTO, ON and RIO DE JANEIRO, BRAZIL"
750,Canada,"TORONTO, ONT and BEIJING, CHINA"
216,Canada,"TORONTO, ONTARIO"
1124,Canada,"TORONTO, ONTARIO and CHICAGO, ILLINOIS"
712,Canada,"TORONTO, ONTARIO and LONDON, UK"
1004,Canada,"TORONTO, ONTARIO and NEW YORK, NY"
986,Canada,"Vancouver, B.C. & Hong Kong"
145,Canada,"Vancouver, BC"
1507,Canada,"VANCOUVER, BC / ACCESSWIRE"
1118,Canada,"VANCOUVER, BC and BRAUNSCHWEIG, DE"
2291,Canada,"VANCOUVER, British Columbia and LOS ANGELES, CA"
2420,Canada,"Varennes, Quebec"
2337,Canada,"WATERLOO, ON and EDEN PRAIRIE, MN"
844,Canada,"WATERLOO, ONTARIO"
1161,Canada,"WATERLOO, ONTARIO and TOKYO, JAPAN"
1092,Canada,"WHITBY, ON"
541,Canada,"Winnipeg, Manitoba"
1811,Cayman Islands,"George Town, Cayman Islands"
2391,Cayman Islands,"Grand Cayman, Cayman Islands"
1762,Chile,"Santiago, Chile"
324,China,An Hui
1262,China,"ANJI COUNTRY, ZHE JIANG, CHINA"
1742,China,"BAODING, China"
41,China,BEIJING
640,China,Beijing & Hong Kong
1557,China,"Beijing and Shanghai, China"
784,China,"Beijing, CH, Mountain View, CA, Oulu, FN"
1376,China,"BEIJING, CHINA"
1434,China,"BEIJING, CHINA / AACHEN, GERMANY"
1114,China,"BEIJING, CHINA / SINGAPORE"
1355,China,"BEIJING, CHINA AND JAKARTA, ID"
893,China,"BEIJING, CHINA and PALO ALTO, CA"
315,China,"Beijing, Geneva"
1156,China,"Beijing, HK, Tokyo & San Francisco"
1634,China,"BEIJING,SHANGHAI"
1545,China,"Cambridge, Mass & Shanghai, China"
568,China,"CASBAA, Hong Kong"
486,China,CCBN Expo Beijing
266,China,Changchun
1457,China,"CHANGCHUN, CHINA"
1297,China,Changsha
1290,China,"CHANGSHA, CHINA"
2097,China,"Changshu, China"
447,China,"CHANGZHOU, CHINA"
244,China,"CHENGDU, CHINA"
108,China,China
525,China,"Chongqing, China"
305,China,Dalian
669,China,"Dalian, Geneva"
1388,China,"DONGFANG, CHINA"
797,China,Dongguan
242,China,"Espoo, Finland and Caofeidan, China"
1630,China,"Foster City, CA & Hangzhou, CH"
1644,China,"Foster City, CA, and Hangzhou, China"
1731,China,"Foster City, CA, Hangzhou and Shanghai, China"
1627,China,"Foster City, CA, Hangzhou, CH & Menlo Park, CA"
1629,China,"Foster City, CA, Hangzhou, CH and Houston, TX"
1613,China,"Foster City, CA, Hangzhou, CH, Gaithersburg, MD"
1682,China,"Foster City, CA, Shanghai and Hangzhou, China"
257,China,Frankfurt and Beijing
1654,China,"FUJIAN, China"
1437,China,"Fuqing, China"
2208,China,"Fuzhou, China"
1832,China,"Gaithersburg, MD, USA and Suzhou BioBay, China"
1982,China,"Germantown, MD, USA and Hong Kong, China"
1983,China,"Germantown, MD, USA and Suzhou Biobay, China"
1404,China,Greater China
1511,China,"GUANGDONG, CHINA"
80,China,Guangzhou
460,China,"Guangzhou, China"
1047,China,"GUIYANG, CHINA"
1330,China,"HAIKOU, HAINAN, CHINA"
323,China,HaiNan
1447,China,"HAINAN, CHINA"
1741,China,HANGZHOU
1278,China,"Hangzhou and Shaoxing, China"
111,China,"HANGZHOU, CHINA"
1350,China,"HANGZHOU, CHINA / SINGAPORE"
327,China,"HEBEI, CHINA"
966,China,"Hefei & Anhui, CHINA"
1704,China,"Henan Province, China"
1370,China,"HESHAN, GUANGDONG, CHINA"
239,China,"Hohhot, China"
275,China,"Holte, Denmark and Shanghai"
66,China,HONG KONG
1368,China,"HONG KONG & CAMBRIDGE, UK"
1237,China,HONG KONG & EDINBURGH
1236,China,HONG KONG & KUALA LUMPUR
593,China,Hong Kong & P.R.C.
1387,China,Hong Kong & Paris
1650,China,"HONG KONG & SAN MATEO, CA"
1430,China,Hong Kong & Shanghai
1568,China,Hong Kong & Shenzhen
1129,China,Hong Kong & Tokyo
1795,China,"HONG KONG & WUHAN, CHINA"
2172,China,Hong Kong / Guangzhou
645,China,HONG KONG / LONDON
1321,China,HONG KONG / TAIPEI
1522,China,HONG KONG and BANGKOK
2222,China,HONG KONG and BEIJING
882,China,"Hong Kong and Irvine, CA"
729,China,HONG KONG and SINGAPORE
731,China,"HONG KONG AND VICTOR, N.Y."
394,China,Hong Kong S.A.R.
1726,China,"HONG KONG SAR / KUNMING, CHINA"
1836,China,"HONG KONG, CHINA"
1931,China,"HONG KONG, CHINA"
1198,China,"HONG KONG, CHINA & BARCELONA, SPAIN"
1289,China,"HONG KONG, CHINA and TAIPEI, TAIWAN"
1551,China,"HONG KONG, CHINA and VANCOUVER, CANADA"
2225,China,"HONG KONG, China and WILMINGTON, Del."
1988,China,"HONG KONG, GERMANTOWN, MD & SUZHOU BIOBAY, CHINA"
1449,China,"Hong Kong, Korea"
624,China,"HONG KONG, LONDON, NEW YORK"
730,China,"Hong Kong, Los Angeles, Luxembourg"
1994,China,"Hong Kong, PRC"
1442,China,"Hong Kong, PRC and Germany"
1214,China,"Hong Kong, PRC, Singapore and Taiwan"
1904,China,"HONG KONG, SHANGHAI and WUXI"
1183,China,"Hong Kong, Shenzhen and San Francisco"
318,China,"Hong Kong, Singapore"
1164,China,"Hong Kong, Singapore, Sydney, Tokyo"
1224,China,"HONG KONG, TAIPEI, TAIWAN & TOKYO"
748,China,"HONG KONG, TIONGKOK"
2047,China,HONG KONG/SINGAPORE/INDIA
1664,China,"HUBEI, CHINA"
1863,China,"JACKSON, WY and HONG KONG"
331,China,Jiangsu
1584,China,"Jiashan, China"
1268,China,"JIAYUGUAN, CHINA"
1556,China,"Jinan, China"
1778,China,"JINHUA, China"
1713,China,"Jinjiang, China"
1757,China,"KUNMING, CHINA"
1798,China,"KUNSHAN, China"
1769,China,"LANZHOU, China"
1563,China,"Lianyungang, CH & Jupiter, FL/ ACCESSWIRE"
2402,China,"Linyi, Shandong"
542,China,London / Shanghai
313,China,LONDON AND HONG KONG
1753,China,"LONGYAN, FUJIAN"
1626,China,"LUOHE CITY, China"
1263,China,"Luxembourg, Hong Kong"
543,China,MACAO
623,China,MACAU
775,China,"Minneapolis, US and Shenzhen, PRC"
760,China,"Mobile Asia Expo, Shanghai"
1450,China,"Nanchang, China"
1688,China,NANJING
230,China,"NANJING, CHINA"
322,China,"Nanning, China"
2169,China,"NANPING, CHINA"
1722,China,"NEW JERSEY and HANGZHOU, CHINA"
1746,China,"NEW JERSEY, the U.S. and HANGZHOU, China"
1451,China,"NINGXIA, China"
1643,China,"Pingtan, China"
332,China,"Qingdao, China"
1907,China,"Qingdao, Shandong, China"
1692,China,"RADNOR, Pa. and SHANGHAI"
1693,China,"RADNOR, Pa. and SHANGHAI"
1970,China,"ROCKVILLE, MD and SHENZHEN, CHINA"
1694,China,"Sanmenxia, China"
527,China,"SANYA, CHINA"
528,China,"Sanya, Hainan Island, China"
329,China,Shandong
67,China,SHANGHAI
367,China,Shanghai and New York
2146,China,Shanghai and Tokyo
1514,China,"SHANGHAI, CHINA"
1295,China,"SHANGHAI, CHINA & PARIS, FRANCE"
1027,China,"SHANGHAI, CHINA and SAN FRANCISCO, CA"
2109,China,"SHANGHAI, CHINA and TAIPEI, TAIWAN"
1218,China,"Shanghai, Hong Kong"
1540,China,"SHANGHAI, TORONTO, AMSTERDAM, HK"
2469,China,Shantou China
1901,China,"Shaoxing, China"
349,China,"Shenyang, China"
1996,China,SHENZHEN
1038,China,"SHENZHEN, CHINA"
1349,China,"SHENZHEN, CHINA / SINGAPORE"
1364,China,"SHENZHEN, CHINA; BARCELONA, SPAIN"
1212,China,"Shenzhen, Hong Kong"
1595,China,"SHIYAN, HUBEI"
335,China,"Sichuan, China"
1765,China,"SINGAPORE / WUHAN, CHINA"
1223,China,"Singapore, Hong Kong"
2141,China,Singapore/Shanghai
268,China,"SUZHOU, CHINA"
328,China,"TIANJIN, China"
786,China,"Tianjin, China and Geneva, Switzerland"
1612,China,Tibet
351,China,"Tokyo, Kawasaki and Beijing"
243,China,"Vaerlose, Denmark and Shanghai"
419,China,"WUHAN, CHINA"
938,China,"WUHAN, CHINA and HORSTMAR, GERMANY"
1460,China,"Wuhu, China"
270,China,"Wuxi, China"
1461,China,"Wuzhen, China"
796,China,"Xi'an, CHINA"
1135,China,"Xiamen,China"
1635,China,"Yanchuan, China"
1702,China,"Yantai, China"
1328,China,"YIWU, CH/SINGAPORE"
1779,China,"Yongkang, China"
1468,China,"ZHENGZHOU, CHINA"
289,China,"ZHENGZHOU, China"
793,China,Zhongshan
577,China,"ZHUHAI, China"
1606,Colombia,"Bogota, Colombia"
1299,Congo,"KINSHASA, CONGO"
968,Costa Rica,"DRAKE BAY, COSTA RICA"
688,Cote d'Ivoire,Cote d'Ivoire
1609,Croatia,"Zagreb, Croatia"
1586,Curacao,"Willemstad, Curacao"
1358,Cyprus,Cyprus
783,Cyprus,"LIMASSOL, CYPRUS"
1665,Cyprus,NICOSIA
877,Cyprus,"NICOSIA, CYPRUS"
350,Czech Republic,Czech Republic
292,Czech Republic,"Plzen, Czech Republic"
2123,Denmark,"BILLUND, DENMARK"
572,Denmark,"Bjerringbro, Denmark"
1286,Denmark,"Brondby, DENMARK"
222,Denmark,COPENHAGEN
1178,Denmark,Copenhagen and Tokyo
531,Denmark,Denmark
616,Denmark,"Hellerup, Denmark"
1771,Denmark,"Silkeborg, Denmark"
1659,Dominica,"Roseau, Commonwealth of Dominica"
2285,Egypt,"AL ALAMEIN CITY, EGYPT"
1149,Egypt,CAIRO
639,Egypt,"Cairo, Egypt"
1668,Egypt,Egypt
1966,Egypt,"Sharm El Sheikh, Egypt"
1874,Estonia,Estonia
1217,Estonia,"TALLINN, EE"
228,Finland,Espoo
229,Finland,"ESPOO, Finland"
453,Finland,Finland
211,Finland,"Helsinki, Finland"
984,Finland,"HELSINKI, FINLAND and DALLAS, TX"
209,Finland,Jarvenpaa
511,Finland,"Oulu, Finland"
727,Finland,"TAMPERE, Finland"
164,Finland,Tokyo and Oulu
204,Finland,"Vantaa, Finland"
1136,France,"Angers, France"
2328,France,"Annecy, France"
813,France,"Bernin (Grenoble), France and Shanghai, China"
1415,France,Brest & Tokyo
59,France,"CANNES, FRANCE"
2064,France,"CLERMONT-FERRAND, FRANCE"
677,France,"COLOGNE, FRANCE"
605,France,"Grenoble, FRANCE"
1333,France,"Grenoble, FRANCE"
1312,France,"HERICOURT, FRANCE"
898,France,"LE BOURGET, FRANCE"
1948,France,"Le Castellet, France"
1743,France,"Le Mans, France"
1621,France,"LEVALLOIS, PERRET"
1909,France,"LEVALLOIS-PERRET, FRANCE"
1127,France,"Limonest, France"
800,France,"Lorraine, France"
914,France,"Lyon, France"
562,France,"Marseille, France"
2165,France,"MERIGNAC, FRANCE"
1003,France,"Meudon, FR, Gothenburg, SE & Geneva, CH"
1181,France,"Meudon, FRANCE"
306,France,"MIPCOM, Cannes"
864,France,"MIPTV, Cannes"
1020,France,"Neuilly-sur-Seine, France"
1142,France,"NICE, FRANCE"
60,France,PARIS
1488,France,PARIS & SINGAPORE
1625,France,PARIS & TOKYO
558,France,"Paris and San Francisco, CA"
1007,France,"Paris, Amsterdam"
1030,France,"Paris, Cambridge"
1331,France,"PARIS, FRANCE"
1409,France,"PARIS, FRANCE & SHANGHAI, CHINA"
1085,France,"Paris, France and Cambridge, Mass, USA"
1162,France,"Paris, France and Tarrytown, N.Y."
1189,France,"Paris, France and Waltham, Mass."
2242,France,"PARIS, FRANCE AND WEST PALM BEACH, FL"
980,France,"Paris, France, Cambridge, MA"
1828,France,"Paris, Tokyo, Yokohama"
586,France,Rueil-Malmaison
2347,France,"SAINT-CERNIN-DE-LABARDE, DORDOGNE, FRANCE"
607,France,"SAINT-ROMAIN AU MONT, FRANCE"
692,France,"St Egreve, France"
2112,France,"Vertolaye, France"
1332,Georgia,"Tbilisi, Georgia and Tokyo, Japan"
1029,Georgia,"TBLISI, GEORGIA"
1055,Germany,"Aachen, Germany"
1893,Germany,"Alexandria, Egypt /Duisburg, Germany"
953,Germany,"ALZENAU, Germany"
678,Germany,"ASSAMSTADT, GERMANY"
532,Germany,"Bad Camberg, Germany"
2294,Germany,"BAD HOMBURG VOR DER HOHE, GERMANY"
2332,Germany,"BAD HOMBURG, GERMANY"
2057,Germany,"BERLIN KOPENICK, GERMANY"
40,Germany,"BERLIN, Germany"
1432,Germany,"BERLIN, GERMANY / BANGKOK, THAILAND"
1435,Germany,"BERLIN, GERMANY / CHANTHABURI, THAILAND"
1620,Germany,"Berlin, Germany and Tallinn, Estonia"
2410,Germany,"BERLIN, GERMANY AND WEST PALM BEACH, FL"
1058,Germany,"BERLIN, SAN FRANCISCO and SEOUL"
1578,Germany,"BIO-Europe, Munich"
210,Germany,Boeblingen
1174,Germany,"BONN, GERMANY"
1500,Germany,"BONN, GERMANY / CINCINNATI, US"
2440,Germany,"Bremen, Germany"
862,Germany,"CeBit/Germany, Enterprise Connect/Orlando"
513,Germany,"Cologne, Germany"
1139,Germany,"Cologne, Germany and Saratoga, USA"
124,Germany,Darmstadt
1419,Germany,"Darmstadt, Germany and London, UK"
1533,Germany,"DOVER, DE"
279,Germany,"Dresden, Germany"
1826,Germany,Duisburg
1423,Germany,Duisburg/ Wolfsburg
954,Germany,"DUSSELDORF, GERMANY"
647,Germany,"Erfurt, Germany"
2345,Germany,"ERLANGEN, GERMANY AND VILNIUS, LITHUANIA"
1245,Germany,Essen
1148,Germany,Essen and Tokyo
1244,Germany,"ESSEN, DE"
1248,Germany,"FRANKFURT & JOHANNESBURG, SA"
1675,Germany,FRANKFURT & LONDON
271,Germany,"FRANKFURT, DE"
1254,Germany,"FRANKFURT, GERMANY / MILAN, ITALY"
517,Germany,"Friedberg, Germany"
1490,Germany,"Hamburg, Germany"
1466,Germany,"Hamburg, Germany & Tokyo"
138,Germany,"Hanover, Germany"
1459,Germany,HEIDELBERG / JIANGSU
1458,Germany,"Heidelberg, Germany"
2039,Germany,"HEIDELBERG, Germany"
962,Germany,"HETTSTEDT, GERMANY"
700,Germany,"HINTERZARTEN, GERMANY"
282,Germany,Idstein
1889,Germany,"Ingelheim, Germany and Singapore"
943,Germany,"JENA, GERMANY"
1096,Germany,"JENA, GERMANY and DUBLIN, CA"
1046,Germany,"KARLSRUHE, GERMANY"
91,Germany,"Kawasaki, Japan and Duesseldorf"
2063,Germany,"KIEL, GERMANY"
1761,Germany,"Leipzig, Germany"
122,Germany,Leverkusen
126,Germany,Ludwigshafen
1512,Germany,"Mainz, Germany"
602,Germany,Metzingen / Tokyo
213,Germany,"Metzingen, Germany"
732,Germany,"MONCHENGLADBACH, GERMANY"
1491,Germany,"Monheim, Germany and Paris, France"
121,Germany,MUNICH
2299,Germany,"MUNICH, GERMANY & TEL AVIV, ISRAEL"
1383,Germany,"MUNICH, GERMANY / ACCESSWIRE"
2330,Germany,"MUNICH, GERMANY | DRESDEN, GERMANY | TEL AVIV, ISRAEL"
1421,Germany,"NEUSS, GERMANY"
1379,Germany,"NIEDERNHALL, DE"
189,Germany,Noibibelg
406,Germany,"Norcross, GA, and Munich, Germany"
514,Germany,"Nuremberg, Germany"
662,Germany,"Odense, Denmark and Salzgitter, Germany"
1304,Germany,"RAVENSBURG, GERMANY"
326,Germany,"Renningen, Germany"
196,Germany,Reutlingen
1478,Germany,"RHEINBREITBACH, GERMANY"
1479,Germany,"RHEINBREITBACH, GERMANY"
1531,Germany,"Schongau, Germany"
1192,Germany,SONGDO and RAVENSBURG
597,Germany,"Stadtallendorf, Germany"
479,Germany,Stuttgart (Germany) / Kulim (Malaysia)
307,Germany,"Stuttgart and Malta, N.Y."
123,Germany,"Stuttgart, Germany"
792,Germany,"Stuttgart, Germany and Shanghai, China"
190,Germany,Thalheim
1382,Germany,TOKYO / BONN/AACHEN
1959,Germany,TOKYO / HAMBURG
101,Germany,TOKYO / MUNICH
92,Germany,Tokyo and Berlin
297,Germany,"Tokyo, Japan and Ismaning, Germany"
1188,Germany,Ulm
2250,Germany,"WALLDORF, Germany and TOKYO, Japan"
2393,Germany,"WEST PALM BEACH, FL AND BERLIN, GERMANY"
546,Germany,"Wiesbaden, Germany"
2360,Germany,"Wilmington, DE"
2105,Germany,"WOLFSBURG, Germany"
1527,Germany,"WURZBURG, GERMANY"
1470,Gibraltar,Gibraltar
2205,Greece,"ATHENS, Greece"
68,Greece,Delphi
1403,Greece,Greece
1013,Greece,"Maroussi, Greece"
911,Guam,"AGANA, GUAM"
2102,Guam,TOKYO & GUAM
822,Guinea,"Conakry, Republic of Guinea"
1436,Guinea,"MALABO, EQUATORIAL GUINEA"
1241,Hong Kong,HONG KONG
758,Hong Kong,HONG KONG & LOS ANGELES
1842,Hong Kong,Hong Kong and Taiwan
1163,Hong Kong,"Hong Kong, Singapore, Sydney, Tokyo"
298,Hong Kong,Singapore and Hong Kong
909,Hungary,"BUDAPEST, HUNGARY"
227,Iceland,London and Reykjavik
220,Iceland,Reykjavik
221,Iceland,Shanghai and Reykjavik
354,India,"Ahmedabad, India"
632,India,"Andhra Pradesh, India"
147,India,"BANGALORE, INDIA"
1296,India,"BENGALURU, INDIA"
468,India,"Chandigarh, India"
469,India,"Chandigarh, India"
284,India,"CHENNAI, IN"
1739,India,"Coimbatore, India & Bangkok"
589,India,DELHI
325,India,"Delhi, Convergence India"
1686,India,"GURGAON, India"
1685,India,"GURUGRAM, India"
314,India,Haryana state
141,India,"HYDERABAD, INDIA"
762,India,INDIA
1710,India,India / Malaysia
1735,India,India / Thailand
1720,India,India/Singapore
1669,India,"JAMMU and KASHMIR, IN"
1279,India,"KERALA, INDIA"
1869,India,"MENLO PARK, CA & HYDERBAD, IN"
1879,India,"MOUNTAIN VIEW, CA & MUMBAI"
1823,India,"MUMBAI & SAN JOSE, CA"
904,India,MUMBAI / TOKYO
259,India,"MUMBAI, INDIA"
923,India,"Mumbai, Singapore and San Francisco"
2349,India,"Navi Mumbai, Maharashtra"
1691,India,NEW DELHI
1140,India,NEW DELHI & TOKYO
716,India,New Delhi and New York
226,India,"New Delhi, India"
1221,India,"NEW DELHI, INDIA and SINGAPORE"
1972,India,New Delhi/Dubai
711,India,NEW YORK and BANGALORE
1984,India,"Noida, India"
1066,India,"Noida, India & Tokyo"
859,India,"PUNE, India"
1405,India,"PUNE, INDIA and JUPITER, FL / ACCESSWIRE"
2269,India,"SAN FRANCISCO, CA & MUMBAI"
256,India,Singapore and Mumbai
1671,India,"SRINAGAR, India"
1670,India,"Srinagar, Jammu and Kashmir, INDIA"
2182,India,"TAMIL NADU, INDIA"
1444,India,"Thiruvananthapuram, India"
2110,India,"Tirupati, India"
441,India,"Tokyo and Ahmedabad, India"
233,India,Tokyo and Mumbai
442,India,Tokyo and New Delhi
628,India,"Vadodara, India"
2324,Indonesia,"Baku, Indonesia"
874,Indonesia,"BALI, INDONESIA"
1945,Indonesia,"BANDUNG, INDONESIA"
583,Indonesia,"Bandung, W Java, Indonesia"
1375,Indonesia,"BATAM, INDONESIA"
826,Indonesia,"BEKASI, INDONESIA"
774,Indonesia,"Bogor, Indonesia"
1076,Indonesia,"BSD City, INDONESIA"
1081,Indonesia,"CENGKARENG, INDONESIA"
875,Indonesia,"Central Java, Indonesia"
782,Indonesia,"Central Kalimantan, INDONESIA"
1930,Indonesia,Club Med Bali
2164,Indonesia,"DENPASAR, Indonesia"
672,Indonesia,"E Nusa Tenggara, Indonesia"
832,Indonesia,"East Kalimantan, INDONESIA"
1936,Indonesia,"GIANYAR, Indonesia"
293,Indonesia,Indonesia
739,Indonesia,JAKARTA
1111,Indonesia,JAKARTA & TOKYO
1133,Indonesia,JAKARTA / SINGAPORE
756,Indonesia,JAKARTA and ATLANTA
1418,Indonesia,JAKARTA and HONG KONG
1205,Indonesia,"Jakarta, Indonesia"
308,Indonesia,"JAKARTA, INDONESIA"
2311,Indonesia,"Jakarta, Indonesia & Mumbai, India"
1126,Indonesia,"Jakarta, Indonesia and New York, USA"
1494,Indonesia,"JAKARTA, SINGAPORE, LONDON"
867,Indonesia,"Jayapura, Papua, Indonesia"
612,Indonesia,"Karawang, Indonesia"
1637,Indonesia,"Kuala Pembuang, Indonesia"
655,Indonesia,"Kupang, Indonesia"
2012,Indonesia,"Lake Toba, N. Sumatra, Indonesia"
1666,Indonesia,"LAMPUNG, Indonesia"
1219,Indonesia,"LOMBOK, INDONESIA"
2133,Indonesia,"Makassar, Indonesia"
1596,Indonesia,"MALANG, E. JAVA, Indonesia"
2099,Indonesia,"MATARAM, INDONESIA"
680,Indonesia,"Medan, N Sumatra, Indonesia"
2401,Indonesia,"MERAUKE, Indonesia"
895,Indonesia,"N. Sumatra, Indonesia"
827,Indonesia,"North Sulawesi, Indonesia"
2011,Indonesia,"North Sumatera, Indonesia"
400,Indonesia,"Nusa Dua Bali, Indonesia"
1195,Indonesia,"Nusa Dua, Bali"
2176,Indonesia,"NUSANTARA, Indonesia"
830,Indonesia,"Pandeglang, Indonesia"
1498,Indonesia,"PANGKALAN KERINCI, INDONESIA"
883,Indonesia,"Papua, Indonesia"
925,Indonesia,"Pontianak, West Kalimantan, Indonesia"
2062,Indonesia,"Purwokerto, Central Java, Indonesia"
752,Indonesia,"Raja Ampat, West Papua, Indonesia"
2037,Indonesia,"Semarang, Indonesia"
757,Indonesia,"Seruyan, C Kalimantan, INDONESIA"
1748,Indonesia,"Sumbawa, W Nusa Tenggara, Indonesia"
278,Indonesia,"Surabaya, East Java, Indonesia"
2149,Indonesia,"SURABAYA, INDONESIA"
994,Indonesia,"Tangerang, INDONESIA"
71,Indonesia,TOKYO & JAKARTA
2107,Indonesia,"Ubud, Indonesia"
1463,Indonesia,"WEST JAVA, INDONESIA"
924,Indonesia,"West Kalimantan, INDONESIA"
961,Indonesia,"West Nusa Tenggara, INDONESIA"
949,Indonesia,"West Sumatra, INDONESIA"
1552,Indonesia,"Yogyakarta, Indonesia"
1394,Iraq,"ERBIL, IRAQ"
942,Ireland,"CORK, IRELAND"
1585,Ireland,"Curragha, County Meath, Ireland"
1763,Ireland,DUBLIN and SINGAPORE
721,Ireland,"DUBLIN, IRELAND"
890,Ireland,"DUBLIN, IRELAND and BRUSSELS, BELGIUM"
1681,Ireland,Ireland
2090,Ireland,"RATHCOOLE, IRELAND"
2029,ISLE of MAN,"DOUGLAS, ISLE of MAN"
2175,Israel,"ASHKELON, Israel and VANCOUVER, British Columbia"
1790,Israel,"BEER-SHEVA, Israel and Tokyo"
2167,Israel,"CAESAREA, ISRAEL"
1911,Israel,"HAIFA, Israel"
1260,Israel,"Herzliya, Israel"
1128,Israel,"Hod Hasharon, IL, Geneva, CH, and Balzers, LE"
78,Israel,Jerusalem
79,Israel,"Jerusalem, and Tokyo, Japan"
2055,Israel,"LOD, ISRAEL"
865,Israel,"PETAH TIKVAH, ISRAEL"
1786,Israel,"Rosh Ha'ayin, Israel"
687,Israel,"ROSH PINA, ISRAEL"
1632,Israel,TEL AVIV & DUBAI
195,Israel,"TEL AVIV, IL"
1787,Israel,"TEL AVIV, ISRAEL & HONG KONG SAR"
1796,Israel,"Tel Aviv, Israel and Atlanta GA, USA"
2223,Israel,"TEL AVIV, ISRAEL and MUNICH, GERMANY"
1831,Israel,"Yavne, Israel"
1211,Italy,"Bologna, Italy"
402,Italy,"Curno (BG), ITALY"
2081,Italy,"FLORENCE, ITALY & WEST PALM BEACH, FL"
1752,Italy,"GENOA, Italy"
96,Italy,"Kyoto, Japan and Torino"
1446,Italy,MILAN
426,Italy,"Milan, Italy"
1947,Italy,"Ponte di Legno, Italy"
1045,Italy,ROME
1544,Italy,Rome & Tokyo
2288,Italy,"SAN MARINO, ITALY"
2289,Italy,"SAN MARINO, ITALY"
345,Italy,"Stezzano, Italy"
1829,Italy,"Udine, Italy"
365,Italy,"Villorba (Treviso), Italy"
1958,Japan,"Abu Dhabi, UAE, Munich, Germany and Tokyo, Japan"
193,Japan,"Aichi, Japan"
765,Japan,"Amagasaki, Hyogo"
54,Japan,"Amagasaki, Japan"
97,Japan,"Ballarat, Victoria and Tokyo"
1019,Japan,Ballerup and Tokyo
2015,Japan,"BANGKOK & KYOTO, Japan"
2273,Japan,"Bangkok, Thailand, and Tokyo, Japan"
87,Japan,Beijing and Tokyo
232,Japan,"Beppu, Japan"
2464,Japan,"Bethesda, United States, and Kawasaki, Japan"
1413,Japan,"Biei, Japan"
759,Japan,Bogota and Tokyo
1369,Japan,Boston & Tokyo
2390,Japan,"BSD City, Indonesia & Tokyo, Japan,"
2430,Japan,"Bunkyo-ku, Tokyo"
1854,Japan,"CAMBRIDGE, Mass., and TOKYO"
72,Japan,"Cambridge, UK and Tokyo"
1976,Japan,Central Japan
1255,Japan,"CHIBA CITY, JAPAN"
1363,Japan,"Chichibu, Japan"
736,Japan,"Chigasaki, Japan"
2317,Japan,"CHIGASAKI, JP / PYEONGTAEK, KR"
1865,Japan,DETROIT / TOKYO
625,Japan,Dhaka and Tokyo
48,Japan,"Fukuoka, Japan"
2414,Japan,"FUKUOKA, KAWASAKI and TOKYO"
2365,Japan,GENEVA and TOKYO
63,Japan,"Gifu, Japan"
2302,Japan,"Hakone, Japan"
37,Japan,"Hamamatsu City,  Shizuoka"
1570,Japan,Hamburg & Tokyo
1572,Japan,HAMBURG & TOKYO
561,Japan,Hanoi and Tokyo
1071,Japan,Hiroshima and Fujisawa Japan
2432,Japan,"Hiroshima and Tokyo, Japan"
50,Japan,"HIROSHIMA, Japan"
1899,Japan,"Hokkaido and Tokyo, Japan"
100,Japan,Hong Kong and Tokyo
1897,Japan,"HUNTSVILLE, Ala. and Tokyo"
787,Japan,"Hyogo, Japan"
1756,Japan,"HYOGO, Japan"
81,Japan,"Ibaraki, Japan"
2405,Japan,"Iwakuni City, Yamaguchi Prefecture,"
1567,Japan,Japan
77,Japan,"Kameyama, Japan"
2435,Japan,"Kanagawa and Tokyo, Japan"
73,Japan,"Kanagawa, Japan"
1701,Japan,KARIYA and TOKYO
269,Japan,"KARIYA, JAPAN"
1886,Japan,"Kariya, Japan, and Phoenix"
1876,Japan,"Kariya, Kuwana, Japan/Hsinchu, Taiwan"
2292,Japan,Kawasaki and California
2280,Japan,Kawasaki and Chiba
2264,Japan,Kawasaki and Furuu-gun
2243,Japan,Kawasaki and Las Vegas
2316,Japan,"Kawasaki and Nagoya, Japan"
2290,Japan,Kawasaki and Osaka
2452,Japan,"Kawasaki and Sendai, Japan"
2366,Japan,"Kawasaki and Shizuoka, Japan"
2268,Japan,Kawasaki and Sydney
2253,Japan,"Kawasaki and Tokyo, Japan"
2417,Japan,"Kawasaki and Tsukuba, Japan,"
2444,Japan,"Kawasaki and Yamaguchi, Japan"
992,Japan,"Kawasaki and Yokohama, JAPAN"
2472,Japan,"Kawasaki, Gunma, Japan"
45,Japan,"KAWASAKI, Japan"
2428,Japan,"Kawasaki, Japan and Bangalore, India"
2474,Japan,"Kawasaki, Japan and Barcelona, Spain"
2359,Japan,"Kawasaki, Japan and Bozeman, Mont."
2369,Japan,"Kawasaki, Japan and Naples, Italy"
2392,Japan,"Kawasaki, Japan and New Taipei City, Taiwan"
2449,Japan,"Kawasaki, Japan and Paris, France"
2303,Japan,"Kawasaki, Japan and San Jose, USA"
2320,Japan,"Kawasaki, Japan and Santa Clara, California"
2326,Japan,"Kawasaki, Japan and Walldorf, German"
2473,Japan,"Kawasaki, Osaka, Japan"
2343,Japan,"Kawasaki, Tokyo and Saitama, Japan"
2271,Japan,"Kawasaki, Toronto and San Francisco"
55,Japan,"Kobe, Japan"
65,Japan,"Kurashiki, Japan"
95,Japan,Kyoto and Shanghai
130,Japan,"KYOTO, Japan"
194,Japan,Kyushu
2356,Japan,"Laval, Quebec, Canada & Tokyo"
2147,Japan,"Lisbon, Portugal, Tokyo and Aichi, Japan"
153,Japan,London and Yokohama
2014,Japan,"London, Paris, Tokyo, Yokohama"
1750,Japan,Madrid and Tokyo
46,Japan,"Makuhari, Chiba"
1894,Japan,Melbourne & Tokyo
2277,Japan,"MIE, Japan"
2415,Japan,"Mihama-ku, Chiba City"
2040,Japan,"Miyazaki, Japan"
1253,Japan,"Nagasaki, Japan"
1977,Japan,"Nagoya, Central Japan"
61,Japan,"Nagoya, Japan"
2457,Japan,"Nagoya, Tokyo and Kawasaki, Japan"
304,Japan,"Niigata, Japan"
2267,Japan,NISEKO
821,Japan,"Nomi, Japan"
1789,Japan,"Okayama, Japan"
778,Japan,"Okinawa, Japan"
1569,Japan,"Orlando, FL & Tokyo"
569,Japan,"Orsay, France and Tokyo, Japan"
1623,Japan,OSAKA & KUALA LUMPUR
2421,Japan,"OSAKA / BRISBANE, AU"
2084,Japan,"Osaka and Hiroshima, Japan"
2386,Japan,"Osaka and Kawasaki, Japan"
14,Japan,"Osaka, Japan"
1871,Japan,"OSAKA, Japan and TOKYO, Japan"
2399,Japan,"OSAKA, JP"
2471,Japan,"Osaka, Kawasaki, Tokyo, Japan"
1846,Japan,Oslo (Norway)/Tokyo (Japan) and Basel (Switzerland)/Mannheim (Germany)
1867,Japan,"OSLO, Norway/ TOKYO, Japan"
64,Japan,"Otsu, Japan"
2116,Japan,"Palo Alto, CA & Tokyo"
2297,Japan,Paris / Tokyo
2256,Japan,Redmond / Tokyo
395,Japan,Rome and Tokyo
371,Japan,"Saitama, Japan"
1900,Japan,"San Jose, Calif., Mexico City and Tokyo"
84,Japan,Santa Clara and Tokyo
2252,Japan,"Santa Clara, Sunnyvale, CA & Tokyo"
1852,Japan,"SÃO PAULO, Brazil, SAN JOSE, Calif., and TOKYO, Japan"
409,Japan,Shanghai and Tokyo
1319,Japan,"Shikoku Island, Japan"
905,Japan,"SHINCHI TOWN, JAPAN"
265,Japan,"Singapore, Tokyo"
2218,Japan,"Strasbourg (France), Tokyo (Japan) and Waltham, Mass"
1793,Japan,"Strasbourg, France & Tokyo, Japan"
1855,Japan,"SUNNYVALE, Calif., and TOKYO"
920,Japan,"Susono City, Japan"
2321,Japan,"Susono, JAPAN and Santa Cruz, California"
2389,Japan,"Sydney, Australia, Tokyo and Kawasaki, Japan,"
1318,Japan,"Takamatsu, Kagawa"
74,Japan,"Tokushima, Japan"
13,Japan,TOKYO
2370,Japan,TOKYO & AMMAN
1774,Japan,TOKYO & ANKARA
2295,Japan,TOKYO & BAKU
1849,Japan,TOKYO & BANGKOK
2106,Japan,TOKYO & BEIJING
1967,Japan,Tokyo & Blacksburg
2038,Japan,TOKYO & COLOMBO
1709,Japan,TOKYO & COPENHAGEN
1963,Japan,TOKYO & DELHI & MUMBAI
1582,Japan,TOKYO & EUROPE
2338,Japan,TOKYO & GUAM
2030,Japan,TOKYO & HA NOI
1622,Japan,TOKYO & HAMBURG
2010,Japan,TOKYO & HO CHI MINH
717,Japan,TOKYO & HONG KONG
630,Japan,TOKYO & JAKARTA
1601,Japan,TOKYO & KUALA LUMPUR
120,Japan,TOKYO & LONDON
86,Japan,TOKYO & LOS ANGELES
2190,Japan,TOKYO & Malaysia
1968,Japan,TOKYO & MANILA
1797,Japan,TOKYO & MUMBAI
1960,Japan,TOKYO & PARIS & KUALA LUMPUR
2339,Japan,TOKYO & TAIPEI
2232,Japan,TOKYO & TAIWAN
1614,Japan,TOKYO & TASHKENT
1554,Japan,Tokyo & Tashkent
1672,Japan,TOKYO & THAILAND
2035,Japan,"Tokyo (Japan), Hilversum (Netherlands), Oslo (Norway), Mannheim (Germany)"
2254,Japan,TOKYO / FARNBOROUGH
1580,Japan,Tokyo / Hamburg
2216,Japan,Tokyo / Japan and Leinfelden-Echterdingen / Germany
618,Japan,Tokyo / Nashville
1892,Japan,"Tokyo and Aichi, Japan"
776,Japan,Tokyo and Amsterdam
1788,Japan,"TOKYO and CAMBRIDGE, Mass."
1951,Japan,"TOKYO and CENTER VALLEY, PA."
2210,Japan,TOKYO and DUBAI
2021,Japan,Tokyo and Helsinki
2429,Japan,"Tokyo and Kanagawa, Japan"
2322,Japan,"Tokyo and Kawasaki, Japan"
1724,Japan,"TOKYO and KENILWORTH, N.J."
2305,Japan,TOKYO and MONTREAL
1760,Japan,TOKYO and MUNICH
52,Japan,Tokyo and New York
557,Japan,"TOKYO and NEW YORK, NY."
1834,Japan,"TOKYO and PALO ALTO, Calif."
815,Japan,Tokyo and Paris
2231,Japan,Tokyo and Pittsburgh
2282,Japan,"Tokyo and Providence, RI"
2283,Japan,"Tokyo and Providence, RI"
1922,Japan,"TOKYO and RAHWAY, N.J."
1955,Japan,"Tokyo and Raleigh, N.C."
2068,Japan,"Tokyo and Redmond, Washington"
1068,Japan,"TOKYO and REDWOOD SHORES, CA"
1870,Japan,"Tokyo and Reykjavík, Iceland"
833,Japan,Tokyo and Rome
1860,Japan,"Tokyo and Salt Lake City, Indianapolis"
1975,Japan,Tokyo and San Francisco
1770,Japan,"TOKYO and SAN JOSE, CA."
1072,Japan,"TOKYO and SAN MATEO, CA"
1775,Japan,"TOKYO and SANTA CLARA, CA."
1238,Japan,Tokyo and Sao Paulo
1277,Japan,TOKYO and SEOUL
2466,Japan,TOKYO and SHANGHAI
1990,Japan,Tokyo and Shizuoka
1041,Japan,Tokyo and Silicon Valley
1320,Japan,TOKYO and STOCKHOLM
1935,Japan,"Tokyo and Sunnyvale, Calif."
88,Japan,"Tokyo and Suwon, KO"
89,Japan,Tokyo and Sydney
1089,Japan,Tokyo and Thimphu
2426,Japan,"Tokyo and Toyota City, Japan"
635,Japan,Tokyo and Ulan Bator
1802,Japan,Tokyo and Vancouver
2450,Japan,"TOKYO and WESTBOROUGH, Mass."
706,Japan,Tokyo and Yangon
977,Japan,TOKYO and ZURICH
835,Japan,"TOKYO, and AUSTIN, Texas"
2111,Japan,"Tokyo, Frankfurt, London"
2086,Japan,"TOKYO, HATFIELD, SEATTLE, LONDON, and EDINBURGH"
1638,Japan,"TOKYO, Japan"
2186,Japan,"Tokyo, Japan & New Delhi, India"
2246,Japan,"TOKYO, Japan / ARMONK, N.Y., U.S.A."
2247,Japan,"TOKYO, Japan / ARMONK, N.Y., U.S.A."
1216,Japan,"Tokyo, Japan / Germany"
1226,Japan,"Tokyo, Japan / Karachi, Pakistan"
2378,Japan,"TOKYO, Japan / LISBON, Portugal"
1157,Japan,"Tokyo, Japan / Malta"
1322,Japan,"TOKYO, JAPAN / PHNOM PENH, CAMBODIA"
1884,Japan,"TOKYO, Japan and AICHI, Japan"
1707,Japan,"TOKYO, Japan and HSINCHU, Taiwan"
1628,Japan,"Tokyo, Japan and Innsbruck, Austria"
440,Japan,"Tokyo, Japan and Kochi, India"
2070,Japan,"Tokyo, Japan and Leinfelden, Germany"
1841,Japan,"Tokyo, Japan and Milpitas, California"
1942,Japan,"Tokyo, Japan and Reading, United Kingdom"
1719,Japan,"TOKYO, JAPAN and REDMOND, WASH."
946,Japan,"TOKYO, JAPAN and SHANGHAI, CHINA"
1054,Japan,"Tokyo, Japan and Strasbourg, France"
1806,Japan,"TOKYO, JAPAN and WALTHAM, Mass."
1023,Japan,"Tokyo, Japan and Westborough, MASS"
720,Japan,"TOKYO, Japan, and SANTA CLARA, Calif."
1737,Japan,"Tokyo, Japan, New York, NY and Seattle, WA"
2447,Japan,"Tokyo, Japan/Mountain View, CA"
1598,Japan,"TOKYO, JP & CENTER VALLEY, PA"
2375,Japan,"Tokyo, Kawasaki, Tsukuba"
1172,Japan,"Tokyo, Kyoto, Kobe and USA"
1711,Japan,"Tokyo, London and Richardson, Texas"
1155,Japan,"Tokyo, London, Amsterdam and Singapore"
2355,Japan,"Tokyo, London, and Frankfurt"
2157,Japan,"Tokyo, London, and Paris"
1812,Japan,"Tokyo, New Delhi & Singapore"
592,Japan,"Tokyo, New York and Nashville, Tennessee"
2219,Japan,"Tokyo, Paris and London"
2170,Japan,"Tokyo, Paris, Kuala Lumpur"
2143,Japan,"TOKYO, SAN FRANCISCO and DUBLIN"
1410,Japan,"TOKYO, SINGAPORE, HONG KONG"
1354,Japan,"Tokyo, Singapore, Hong Kong"
1964,Japan,TOKYO//DELHI//MUMBAI
83,Japan,TOKYO//SINGAPORE
551,Japan,Tokyo/Cologne
1175,Japan,Tokyo/Hong Kong/Zurich
358,Japan,"Toyota City, Japan"
2304,Japan,"Toyota City, Japan, and Santa Cruz, CA"
413,Japan,"TSUKUBA, Japan"
1386,Japan,"Tsuruga, Japan"
579,Japan,Vientiane and Tokyo
1132,Japan,"Yamagata, Japan"
2071,Japan,"YOKOHAMA & TOKYO, Japan"
2367,Japan,"Yokohama and Kawasaki, Japan"
53,Japan,"YOKOHAMA, Japan"
206,Japan,Zurich and Tokyo
302,Jordan,"AMMAN, JORDAN"
880,Jordan,"Amman, Jordan and Tokyo, Japan"
594,Kazakhstan,"Almaty, Kazakhstan"
1125,Kazakhstan,"Almaty, Kazakhstan and Tokyo, Japan"
1851,Kazakhstan,"Almaty, The Republic of Kazakhstan"
2065,Kazakhstan,"Astana, Kazakhstan"
463,Kenya,"NAIROBI, Kenya"
1194,Kenya,NIGERIA and KENYA
1927,Korea,"??????, NV ? RAMAT GAN"
1981,Korea,"Daegu, South Korea"
1902,Korea,"Incheon, Korea"
1411,Korea,Korea
2368,Korea,"Namwon, Korea"
2043,Korea,SEOUL / TOKYO
1706,Korea,"Seoul, Korea"
2233,Korea,"SEOUL, South Korea/TOKYO, Japan"
1182,Kuwait,"KUWAIT CITY, KUWAIT"
1291,Kuwait,"KUWAIT, BAHRAIN AND MOROCCO"
1504,Kyrgyz Republic,"Bishkek, Kyrgyz Republic and Tokyo, Japan"
2362,Kyrgyz Republic,"Bishkek, Kyrgyzstan"
2287,Kyrgyzstan,"ISSYK KUL, Kyrgyzstan"
2148,Laos,"Vientiane, Laos"
715,Laos,"Vientiane, Laos and Tokyo, Japan"
1251,LATVIA,"RIGA, LATVIA"
1738,Lebanon,"Byblos, Lebanon"
2006,Liechtenstein,"Schaan, Liechtenstein"
2228,Liechtenstein,"TRIESEN, LIECHTENSTEIN"
1503,Liechtenstein,"VADUZ, Liechtenstein"
2241,Lithuania,"KAUNAS, LITHUANIA"
2158,Lithuania,"VILNIUS, Lithuania"
697,Luxembourg,Luxembourg
696,Luxembourg,LUXEMBOURG / ACCESSWIRE
1969,Luxembourg,Luxembourg and Zurich
116,Luxembourg,Luxembourg City
1208,Madagascar,Madagascar and Mauritius
1336,Madeira,"Funchal, Madeira"
386,Malaysia,"ABU, Kuala Lumpur"
1772,Malaysia,"BANGI, Malaysia"
309,Malaysia,Bermuda
1683,Malaysia,"BUTTERWORTH, Malaysia"
1717,Malaysia,"CYBERJAYA, MALAYSIA"
1827,Malaysia,DUBAI / KUALA LUMPUR
1952,Malaysia,"IPOH, Malaysia"
1340,Malaysia,"ISKANDAR PUTERI, MALAYSIA"
825,Malaysia,"JOHOR, MALAYSIA"
2309,Malaysia,"KARAK, MALAYSIA"
1868,Malaysia,"KLANG, Malaysia"
2234,Malaysia,"KOTA KINABALU, Malaysia"
240,Malaysia,KUALA LUMPUR
1804,Malaysia,KUALA LUMPUR & TAIPING
1821,Malaysia,KUALA LUMPUR & TOKYO
1486,Malaysia,KUALA LUMPUR / PERTH
606,Malaysia,"Kuala Lumpur, ABU Digital Broadcasting Symposium"
1134,Malaysia,"Kuala Lumpur, Hong Kong, and Bangkok"
1908,Malaysia,"KUALA LUMPUR, MALAYSIA"
2363,Malaysia,Kuala Lumpur/Bangkok/Singapore
1497,Malaysia,KUALA LUMPUR/PERTH/BLUFFTON
581,Malaysia,"Kuala Terengganu, Malaysia"
1837,Malaysia,"KUANTAN, Malaysia"
1235,Malaysia,"KUCHING, MALAYSIA"
1733,Malaysia,"LABUAN, Malaysia"
2379,Malaysia,LANGKAWI
852,Malaysia,"LANGKAWI, MALAYSIA and MONTREAL, CANADA"
369,Malaysia,London and Kuala Lumpur
109,Malaysia,MALAYSIA
2013,Malaysia,"Malaysia, Singapore"
679,Malaysia,Malaysia/Indonesia
1282,Malaysia,MELAKA
1840,Malaysia,"MINES RESORT CITY, MALAYSIA"
1310,Malaysia,"NEGERI SEMBILAN, MALAYSIA"
448,Malaysia,Nilai (Malaysia) / Stuttgart (Germany)
539,Malaysia,"Pegoh, Malaysia"
255,Malaysia,"PENANG, Malaysia"
1242,Malaysia,"PETALING JAYA, Malaysia"
2120,Malaysia,"PUCHONG, SELANGOR MALAYSIA"
1883,Malaysia,"PUTRAJAYA, Malaysia"
1859,Malaysia,"SARAWAK, Malaysia"
549,Malaysia,"SELANGOR, Malaysia"
1689,Malaysia,"SHAH ALAM, Malaysia"
2403,Malaysia,Simunjan - SARAWAK
1751,Malaysia,"SINGAPORE & MELAKA, MALAYSIA"
1365,Malaysia,"SUNWAY CITY KUALA LUMPUR, MALAYSIA"
1347,Malaysia,"SUNWAY CITY, MALAYSIA"
1914,Malaysia,"TAIPING, Malaysia"
1380,Malaysia,TOKYO & KUALA LUMPUR
1495,Mali,"MALI, W. AFRICA"
1754,Malta,"GZIRA, Malta"
1448,Malta,"Kalkara, Malta"
411,Malta,MALTA
1150,Malta,"Saint Julian's, MALTA"
1165,Malta,"ST JULIAN'S, MALTA & ASTANA, KAZAKHSTAN"
1937,Malta,"Valletta, Malta"
2130,Marshall Islands,"MAJURO, Marshall Islands"
2376,Mauritius,"Port Louis, Mauritius"
1267,MENA,MENA
2128,Mexico,"ALBUQUERQUE, NM"
872,Mexico,"GUADALAJARA, MEXICO"
855,Mexico,"ISLA MUJERES, MEXICO"
2353,Mexico,"La Paz, Mexico"
533,Mexico,"Los Cabos, Mexico"
908,Mexico,Mexico City and Tokyo
573,Mexico,"RATON, NEW MEXICO"
585,Mexico,"San Luis Potosi, Mexico"
1108,Mexico,"TEQUILA, MEXICO"
1888,Monaco,MONACO
1207,Monaco,"PRINCIPALITY OF MONACO and NEW YORK, NY"
1326,Mongolia,"Ulaanbaatar, Mongolia"
948,Mongolia,Ulan Bator and Tokyo
1809,Montenegro,"Podgorica, Montenegro"
1422,Morocco,"Casablanca, Morocco"
2364,Morocco,"Marrakech, Morocco"
2350,Morocco,"RABAT, Kingdom of Morocco"
1390,Morocco,"TANGIER, MOROCCO"
1200,Mozambique,MOZAMBIQUE
1993,Myanmar,"Mandalay, Myanmar"
1305,Myanmar,"NAY PYI TAW, MM"
1069,Myanmar,"Nay Pyi Taw, Myanmar"
1360,Myanmar,"Ngapali Beach, Myanmar"
819,Myanmar,Yangon and Tokyo
545,Myanmar,"YANGON, Myanmar"
614,Nepal,Kathmandu
317,NETHERLANDS,"Almere, The Netherlands"
401,NETHERLANDS,"Amersfoort, Netherlands"
205,NETHERLANDS,AMSTERDAM
1341,NETHERLANDS,AMSTERDAM
1083,NETHERLANDS,"AMSTERDAM and FREMONT, CA"
1106,NETHERLANDS,AMSTERDAM and LONDON
714,NETHERLANDS,"Amsterdam and Long Island City, NY"
1074,NETHERLANDS,Amsterdam and Rio de Janeiro
438,NETHERLANDS,"AMSTERDAM, BEIJING and OTTAWA"
445,NETHERLANDS,"Amsterdam, Netherlands"
2204,NETHERLANDS,"BERGEN OP ZOOM, NETHERLANDS"
218,NETHERLANDS,Bilthoven
1727,NETHERLANDS,"Bleiswijk, Netherland"
1652,NETHERLANDS,"Driebergen, Netherlands"
219,NETHERLANDS,Eindhoven
1420,NETHERLANDS,"Groenlo, The Netherlands"
1705,NETHERLANDS,"Hilversum, the Netherlands"
820,NETHERLANDS,"HOOFDDORP, THE NETHERLANDS"
552,NETHERLANDS,"IBC Expo, Amsterdam"
550,NETHERLANDS,"Leiden, the Netherlands"
2441,NETHERLANDS,"Noordwijk, Netherlands"
1921,NETHERLANDS,"Nunspeet, Netherlands"
2226,NETHERLANDS,"RODEN, NETHERLANDS"
1680,NETHERLANDS,"Rotterdam The Hague, Nl"
779,NETHERLANDS,"Schiedam, Netherlands"
465,NETHERLANDS,"Schiphol, The Netherlands"
2079,NETHERLANDS,"THE HAGUE, NETHERLANDS"
1835,NETHERLANDS,The Netherlands/Estonia
1392,NETHERLANDS,"ULTRECHT, THE NETHERLANDS"
2465,NETHERLANDS,"WADDINXVEEN, NL"
790,NETHERLANDS,"Zutphen, The Netherlands"
722,New Zealand,"Auckland, New Zealand"
892,New Zealand,"HAMILTON, NEW ZEALAND"
1895,New Zealand,"NELSON, NEW ZEALAND"
1885,New Zealand,"RICHMOND, New Zealand"
2075,New Zealand,"TARANAKI, New Zealand"
1589,New Zealand,"WELLINGTON, New Zealand"
1916,Nigeria,"ABUJA, NG"
1588,Nigeria,JOHANNESBURG & LAGOS
1646,Nigeria,"LAGOS, NG"
1323,Nigeria,"LAGOS, NIGERIA"
1599,Nigeria,PALO ALTO & LAGOS
450,Norway,"Bergen, Norway"
1338,Norway,"FORNEBU, NORWAY / SINGAPORE"
359,Norway,Norway
336,Norway,Norway/Denmark/Nigeria
223,Norway,"OSLO, NORWAY"
224,Norway,Reykjavik and Oslo
2188,Norway,"TRONDHEIM, NORWAY"
1714,Oman,"Jabal Akhdar, Oman"
894,Oman,"Muscat, Oman"
1648,Oman,Oman
1285,Oman,"OMAN, QATAR AND EGYPT"
353,Ontario,"Toronto, Ontario"
935,Pakistan,Islamabad and Tokyo
817,Pakistan,Karachi and Tokyo
1547,Pakistan,"Karachi, Pakistan"
1801,Panama,"Panama City, Republic of Panama"
1193,Papua New Guinea,PAPUA NEW GUINEA
480,Philippines,"Boracay, Philippines"
766,Philippines,"Cebu City, Philippines"
1100,Philippines,"Clark, Philippines"
599,Philippines,"Davao, Philippines"
1213,Philippines,"LEYTE, PHILIPPINES"
165,Philippines,MANILA
1441,Philippines,"MANILA & CHENNAI, IN"
1367,Philippines,MANILA & TOKYO
2183,Philippines,"Manila, Philippines"
596,Philippines,"MANILA, Philippines, and TOKYO, Japan"
1800,Philippines,"Nueva Ecija, Philippines"
487,Philippines,"PCTA Convention, Cebu City, Philippines"
764,Philippines,Philippines
484,Philippines,"Santa Rosa, Philippines"
286,Philippines,TOKYO & MANILA
1729,Poland,"Lublin, Poland"
2411,Poland,"MOSINA, POLAND AND WEST PALM BEACH, FL"
2308,Poland,"Piotrkowska, Poland"
1425,Poland,"WARSAW, POLAND"
2329,Portugal,"CASCAIS, PORTUGAL"
76,Portugal,LISBON
1813,Portugal,Lisbon and Hong Kong
2431,Portugal,"LISBON, PT AND WEST PALM BEACH, FL"
2380,Portugal,"PORTO, Portugal"
2211,Puerto Rico,"San Juan, Puerto Rico"
860,Qatar,"Doha, Qatar"
1257,Republic of Srpska,"BANJA LUKA, REPUBLIC OF SRPSKA"
1817,Romania,Bucharest / London
1655,Romania,"Bucharest, Romania"
1661,Romania,"Cluj-Napoca, Romania"
1571,Romania,"Constanta, Romania"
1603,Romania,"SIBIU, Romania"
2026,Romania,"TIMISOARA, Romania"
723,Russia,"Chita, Russia"
146,Russia,Luxembourg and Moscow
1186,Russia,Minsk and Tokyo
148,Russia,MOSCOW
1143,Russia,Moscow & Tokyo
389,Russia,"Moscow, Hong Kong"
751,Russia,Saint Petersburg
1452,Russia,"SOCHI, RUSSIA"
633,Russia,"ST. PETERSBURG, RUSSIA"
1234,Russia,"Vladivostok, Russia & Tokyo, Japan"
1146,Russia,Yakutsk/Sakha Republic & Tokyo/Japan
1518,Russia,"Yamalo-Nenets Autonomous Okrug, Russia"
1329,Rwanda,"KIGALI, RWANDA"
1039,Rwanda,"World Economic Forum, Kigali, Rwanda"
2445,Saint Lucia,"Rodney Village, Rodney Bay, Gros-Islet Saint Lucia"
2459,Saudi Arabia,"AL KHOBAR, Saudi Arabia"
1943,Saudi Arabia,"Dammam, Kingdom of Saudi Arabia"
1944,Saudi Arabia,"DAMMAM, SAUDI ARABIA"
2344,Saudi Arabia,"Dhahran, Saudi Arabia"
1311,Saudi Arabia,"JEDDAH, KINGDOM OF SAUDI ARABIA"
1847,Saudi Arabia,Kingdom of Saudi Arabia & Tokyo
2385,Saudi Arabia,"MAKKAH, SAUDI ARABIA, SA"
1978,Saudi Arabia,"MECCA, Saudi Arabia"
1549,Saudi Arabia,RIYADH & TOKYO
2134,Saudi Arabia,Riyadh & Tokyo
2017,Saudi Arabia,"RIYADH, KSA"
1825,Saudi Arabia,"Riyadh, Saudi Arabia"
1608,Saudi Arabia,Saudi Arabia
1538,Saudi Arabia,"Tabuk , Saudi Arabia"
2192,Saudi Arabia,"YANBU, Saudi Arabia"
1873,Senegal,"DAKAR, Senegal"
1210,Senegal,SENEGAL
1723,Seychelles,"Mahe, Seychelles"
1513,Seychelles,Seychelles
1677,Seychelles,SEYCHELLES
1777,Seychelles,"Victoria, Seychelles"
2446,Sierra Leone,"Freetown, Sierra Leone"
263,Singapore,"ADDA, Singapore"
1308,Singapore,BOSTON & SINGAPORE
294,Singapore,"BroadcastAsia, Singapore"
295,Singapore,"CommunicAsia, Singapore"
383,Singapore,"Irvine, CA and Singapore"
310,Singapore,London and Singapore
794,Singapore,"Miami, Fla and Singapore"
795,Singapore,"Miami, Fla and Singapore"
2266,Singapore,"SANTA CLARA, Calif. / SINGAPORE"
1656,Singapore,Singapore
105,Singapore,SINGAPORE
1502,Singapore,"Singapore & Charlotte, NC"
1345,Singapore,"SINGAPORE & GOLD COAST, AUSTRALIA"
1243,Singapore,"SINGAPORE & MELAKA, MALAYSIA"
1168,Singapore,SINGAPORE & PALO ALTO
1033,Singapore,"Singapore & Queensland, NSW, AUS."
2319,Singapore,"SINGAPORE & SEOUL, SOUTH KOREA"
1537,Singapore,"SINGAPORE & Sydney, AUSTRALIA"
1700,Singapore,SINGAPORE & THAILAND
1173,Singapore,SINGAPORE & TOKYO
1764,Singapore,"SINGAPORE & WUHAN, CH."
2374,Singapore,Singapore / Bangkok
2036,Singapore,"Singapore / Boulder, CO"
1249,Singapore,"SINGAPORE / GUANGXI, CHINA"
1378,Singapore,"Singapore / Guizhou, China"
1233,Singapore,SINGAPORE / HONG KONG
2381,Singapore,SINGAPORE / INDIA
1699,Singapore,SINGAPORE / KUALA LUMPUR
1334,Singapore,SINGAPORE / LONDON
1712,Singapore,Singapore / Malaysia
2088,Singapore,Singapore / Malaysia / Bahrain
1283,Singapore,"Singapore / Melaka, Malaysia"
1300,Singapore,"SINGAPORE / NANNING, CHINA"
1898,Singapore,"SINGAPORE / NEW DELHI, INDIA"
1314,Singapore,"SINGAPORE / NEW YORK, NY"
1424,Singapore,Singapore / Oslo
2034,Singapore,SINGAPORE / OXFORD
1324,Singapore,"SINGAPORE / SHANGHAI, CHINA"
1357,Singapore,"SINGAPORE / SYDNEY, AUSTRALIA"
1170,Singapore,SINGAPORE / VILNIUS
475,Singapore,Singapore Airshow
1905,Singapore,"SINGAPORE and AUSTIN, Texas"
973,Singapore,"SINGAPORE and BARCELONA, SPAIN"
1878,Singapore,"Singapore and Charleston, SC"
498,Singapore,Singapore and Chicago
972,Singapore,"SINGAPORE and FOSTER CITY, CA"
360,Singapore,Singapore and Hong Kong
1337,Singapore,"Singapore and Japan,"
338,Singapore,"Singapore and Martinsried/Munich, Germany"
761,Singapore,"SINGAPORE and REDWOOD CITY, CA"
613,Singapore,Singapore and San Francisco
636,Singapore,"Singapore and Schlieren (Zurich), Switzerland"
482,Singapore,Singapore and Stockholm
410,Singapore,Singapore and Tokyo
2260,Singapore,"Singapore, Amsterdam, Netherlands"
408,Singapore,"Singapore, Bangkok, Kuala Lumpur, Manila"
1120,Singapore,"Singapore, Hong Kong and Tokyo"
1230,Singapore,"SINGAPORE, HONG KONG, ASIA"
273,Singapore,"Singapore, Stuttgart"
1391,Singapore,"SINGAPORE, TOKYO & HONG KONG"
2217,Singapore,SINGAPORE/ INDONESIA
1281,Singapore,SINGAPORE/MALAYSIA
2221,Singapore,Singapore/Malaysia/Philippines
1607,Singapore,SINGAPORE/MUMBAI/HONG KONG
2155,Singapore,Singapore/Munich
264,Singapore,"SITEX, Singapore"
296,Singapore,"SIWW, Singapore"
2002,Slovakia,BRATISLAVA
2005,Slovakia,Bratislava / Dubai
2004,Slovakia,"Bratislava, SL"
2001,Slovakia,"Bratislava, Slovakia"
2346,Slovakia,"KOSICE, SLOVAKIA"
1590,South Africa,AFRICA
476,South Africa,"Cape Town, South Africa"
1587,South Africa,Johannesburg / Lagos /  London / Toronto
1532,South Africa,Johannesburg / London / Munich / New York
1094,South Africa,"JOHANNESBURG, SOUTH AFRICA"
1910,South Africa,JOHANNESBURG/LONDON/MUNICH/NEW YORK/PARIS/SAO PAULO/SINGAPORE
291,South Africa,Tokyo and Johannesburg
311,South Korea,"Ansan, South Korea"
576,South Korea,"BUSAN, SOUTH KOREA"
659,South Korea,"DAEGU, SOUTH KOREA"
950,South Korea,"Daejeon, Korea"
2244,South Korea,"Geoje, South Korea"
598,South Korea,"GOYANG-SI, KOREA SELATAN"
674,South Korea,"Gwang Ju-Si Geyonggi-do, KOREA and MOSCOW"
654,South Korea,"GWANG JU-SI GEYONGGI-DO, SOUTH KOREA"
666,South Korea,"GWANGJU, KOREA"
470,South Korea,"Ilsan Gyeonggido, South Korea"
2238,South Korea,"INCHEON, SOUTH KOREA"
1215,South Korea,Korea
2185,South Korea,"MOKPO, South Korea"
104,South Korea,Seongnam City
1600,South Korea,SEOUL & KUALA LUMPUR
868,South Korea,"Seoul, Korea and Amherst, NY, USA"
2126,South Korea,"SEOUL, Korea and PLANO, Texas"
107,South Korea,"SEOUL, S.KOREA"
1939,South Korea,"SEOUL, SOUTH KOREA"
1482,South Korea,"SEOUL, SOUTH KOREA / HONG KONG, CHINA"
951,South Korea,"SEOUL, SOUTH KOREA and NEW ORLEANS, LA"
912,South Korea,South Korea
2397,South Korea,"Suwon, South Korea"
384,South Korea,Tokyo and Seoul
601,South Korea,"Tokyo, Beijing & Seoul"
600,South Korea,"Tokyo, Hong Kong & Seoul"
652,South Korea,"Ulsan, South Korea"
2475,South Korea,"Yeouido, Seoul"
70,Spain,BARCELONA
320,Spain,Barcelona and Tokyo
69,Spain,Catalunya
2019,Spain,Hyderabad/Barcelona
1292,Spain,"IBIZA, SPAIN"
824,Spain,"JEREZ, SPAIN"
802,Spain,"Las Palmas de Gran Canaria, Canary Islands"
1745,Spain,MADRID
610,Spain,Madrid & Tokyo
333,Spain,"MADRID, SPAIN"
913,Spain,"MADRID, SPAIN and SANTA CLARA, CA"
773,Spain,"MALAGA, SPAIN"
1690,Spain,"MARBELLA, Spain"
719,Spain,"Mobile World Congress, Barcelona, Spain"
1611,Spain,"PAMPLONA, SPAIN"
1209,Spain,"SEVILLA, SPAIN"
1850,Spain,"Seville, Spain"
2407,Spain,"SOTOGRANDE, SPAIN AND WEST PALM BEACH, FL"
1856,Spain,"Valencia, Spain"
2276,Sri Lanka,Battaramulla
1144,Sri Lanka,Colombo / Tokyo
2018,Sri Lanka,"COLOMBO, LK"
1844,Sri Lanka,"Colombo, Sri Lanka"
238,Sri Lanka,Tokyo and Sri Lanka
1273,St. Kitts and Nevis,"CHARLESTOWN, St. Kitts and Nevis"
1676,St. Kitts and Nevis,Saint Kitts and Nevis
1579,St. Vincent & Grenadines,"KINGSTOWN, St. Vincent"
1663,St. Vincent & Grenadines,St Vincent & the Grenadines
2121,Sweden,"BREDARYD, SWEDEN"
595,Sweden,"Gothenburg, Sweden"
1270,Sweden,"Halmstad, SWEDEN"
1276,Sweden,"Kista, Sweden"
1372,Sweden,"Linkoping, Sweden"
260,Sweden,"Lund, Sweden"
1274,Sweden,"Molndal, SWEDEN"
1258,Sweden,"Molnlycke, SWEDEN"
245,Sweden,"San Jose and Lund, Sweden"
2051,Sweden,STOCKHOLM & TOKYO
846,Sweden,STOCKHOLM and LONDON
166,Sweden,"STOCKHOLM, SWEDEN"
631,Sweden,"Stockholm, Sweden and Oakland, CA"
396,Sweden,"Stockholm, Sweden and Tokyo, Japan"
449,Sweden,Sweden
502,Sweden,Sweden
1272,Sweden,"Vaxjo, Sweden"
1961,Switzerland,"BAAR, SWITZERLAND"
125,Switzerland,Basel
1783,Switzerland,"Bern, Switzerland"
518,Switzerland,"BUELACH, SWITZERLAND"
2265,Switzerland,"Crypto Valley, Switzerland"
710,Switzerland,"Davos, Geneva"
1487,Switzerland,"DAVOS, SWITZERLAND"
1602,Switzerland,"Epalinges, Switzerland"
665,Switzerland,GENEVA / SAN FRANCISCO
805,Switzerland,GENEVA and LONDON
342,Switzerland,"Geneva, Suisse and Cergy-Pontoise, France"
1396,Switzerland,"GENEVA, SWITZ / ACCESSWIRE"
1992,Switzerland,"Geneva, Switzerland"
1565,Switzerland,"GENEVA, SWITZERLAND and HANGZHOU, CHINA"
1227,Switzerland,Geneva/New York/Beijing
192,Switzerland,"GENEVE, CH"
1887,Switzerland,"KREUZLINGEN, CH"
1465,Switzerland,"Kreuzlingen, CH & Singapore"
2074,Switzerland,"LAMONE, SWITZERLAND"
1818,Switzerland,"LAUSANNE, Switzerland"
1843,Switzerland,"Lausanne, Switzerland, and Barcelona, Spain"
2127,Switzerland,"Lausanne, Switzerland, and Tokyo, Japan"
2433,Switzerland,"Lausanne, Switzerland, Kawasaki, Japan, and New Taipei City, Taiwan"
191,Switzerland,Lucerne
261,Switzerland,"LUGANO, CH"
1239,Switzerland,"Lugano, Switzerland, and Iselin, NJ, United States"
1229,Switzerland,"Lugano, Switzerland, and Tokyo, Japan"
691,Switzerland,"MEGGEN, SWISS"
834,Switzerland,"NEUCHATEL, SWITZERLAND"
903,Switzerland,"NEUHAUSEN, SWITZ  and LONG BEACH, CA"
1031,Switzerland,"NEUHAUSEN, SWITZ and ORLANDO, FL"
866,Switzerland,"NEUHAUSEN, SWITZ and SAN DIEGO, CA"
838,Switzerland,"NEUHAUSEN, SWITZ and TOKYO, JAPAN"
829,Switzerland,"NEUHAUSEN, SWITZERLAND"
1095,Switzerland,"NEUHAUSEN, SWITZERLAND and CHICAGO, IL"
985,Switzerland,"NEUHAUSEN, SWITZERLAND and NEW YORK, NY"
2095,Switzerland,"NYON, SWITZERLAND"
2181,Switzerland,"PFAFFIKON, SWITZERLAND"
1306,Switzerland,Schindellegi / CH
553,Switzerland,"St. Moritz, Switzerland"
1006,Switzerland,"STAEFA, SWITZERLAND"
609,Switzerland,Switzerland
1767,Switzerland,"Wil, Switzerland"
1252,Switzerland,"ZUG, Beijing Switzerland"
1280,Switzerland,"ZUG, SWITZERLAND"
2354,Switzerland,"ZUG, SWITZERLAND AND VILNIUS, LITHUANIA"
2470,Switzerland,Zurich
934,Switzerland,Zurich / Singapore
2357,Switzerland,Zurich and Houston
2439,Switzerland,Zurich and New York
247,Switzerland,"ZURICH, SWITZERLAND"
2138,Switzerland,"Zurich, Switzerland & Dubai, UAE"
1107,Taiwan,"Chiayi, Taiwan"
290,Taiwan,"COMPUTEX, Taipei"
312,Taiwan,"Hong Kong and Hsinchu, Taiwan"
114,Taiwan,Hsichih
2209,Taiwan,"HSINCHU, Taiwan, R.O.C."
851,Taiwan,"KAOHSIUNG, TAIWAN"
879,Taiwan,"Kaohsiung, Taiwan"
1294,Taiwan,"KEELUNG CITY, TAIWAN"
1298,Taiwan,"Nantouhsien, Taiwan"
1564,Taiwan,"NEW TAIPEI CITY, TAIWAN / ACCESSWIRE"
1417,Taiwan,"TAICHUNG, TAIWAN"
417,Taiwan,"TAINAN, TAIWAN"
1190,Taiwan,"Taipei, Hong Kong, Singapore"
1325,Taiwan,"TAIPEI, TAIWAN"
1301,Taiwan,"TAIPEI, TAIWAN / HONG KONG, CHINA"
2045,Taiwan,"TAIPEI, TAIWAN and SAN FRANCISCO, CA"
103,Taiwan,"TAIPEI, TW"
1374,Taiwan,"TAIPEI, TW"
901,Taiwan,"TAITUNG, TAIWAN"
1050,Taiwan,TAIWAN
237,Taiwan,Taiwan
1558,Taiwan,"Taoyuan city, Taiwan"
1473,Taiwan,"TAOYUAN, TAIWAN"
241,Taiwan,TOKYO & TAIPEI
1098,Taiwan,"YILAN, TAIWAN"
810,Tajikistan,"DUSHANBE, TAJIKISTAN"
2184,Tanzania,"MOSHI, TANZANIA"
489,Thailand,Ayutthaya Province
56,Thailand,BANGKOK
1938,Thailand,BANGKOK & MANILA
85,Thailand,Bangkok and Tokyo
1979,Thailand,"BANGKOK, THAILAND"
1353,Thailand,"BANGKOK, THAILAND / SINGAPORE"
364,Thailand,"Chachoengsao, Thailand"
2340,Thailand,"Chonburi, Thailand"
1721,Thailand,"Hua Hin, Thailand"
1433,Thailand,"PHUKET, THAILAND AND MCLEAN, VA."
430,Thailand,"Rayong, Thailand"
1015,Thailand,THAILAND
1196,Thailand,Thailand
235,Thailand,Tokyo and Bangkok
1794,Turkey,"ANKARA, Turkey"
277,Turkey,ISTANBUL
1381,Turkey,ISTANBUL and BASRA
2400,Turkey,"ISTANBUL, Turkiye,"
2028,Turkey,"KARACABEY, TURKEY"
1474,Turkey,TURKEY
580,UAE,"ABU DHABI, UAE"
303,UAE,"BAHRAIN, UAE"
2458,UAE,"DOHA, Qatar"
231,UAE,DUBAI
1399,UAE,DUBAI & TOKYO
584,UAE,"DUBAI, UAE"
1997,UAE,Dubai/Bengaluru
1926,UAE,Jordan
876,UAE,NEW YORK and DUBAI
300,UAE,"QATAR, UAE"
2119,UAE,"RAS AL KHAIMAH CITY, UAE"
1633,UAE,"SANTA CLARA, CA & DUBAI"
1302,UAE,"SHARJAH, UAE"
1231,UAE,"UAE, Saudi Arabia & Kuwait"
1476,UAE,United Arab Emirates (UAE)
1426,Uganda,"KAMPALA, UGANDA"
725,Ukraine,"KIEV, UA & DUBAI"
1455,Ukraine,"Kiev, Ukraine & Tokyo"
2118,Ukraine,"KYIV, UKRAINE"
1361,United Kingdom,"ABINGDON, UK"
319,United Kingdom,Barcelona and London
1147,United Kingdom,"Birmingham, UK"
744,United Kingdom,"Birmingham, UK and Seoul, Korea"
478,United Kingdom,"Bristol, UK"
1555,United Kingdom,British Virgin Islands
571,United Kingdom,"Camberley, UK"
707,United Kingdom,"CAMBERLEY, UK"
178,United Kingdom,"Cambridge, UK"
1462,United Kingdom,CAYMAN ISLANDS
1535,United Kingdom,"Cheltenham, UK"
781,United Kingdom,Cyprus
340,United Kingdom,Derby
1342,United Kingdom,"DOUGLAS, Isle of Man"
1122,United Kingdom,"DUMFRIES, SCOTLAND"
1445,United Kingdom,"Durham, Newcastle, and London (UK)"
964,United Kingdom,Edinburgh
2395,United Kingdom,"FAIRFORD, UK"
1912,United Kingdom,"FARNBOROUGH, United Kingdom"
1102,United Kingdom,"George Town, Cayman Islands"
1782,United Kingdom,"GLASGOW, Scotland"
1070,United Kingdom,"Gloucester, UK"
1119,United Kingdom,"Grenada, West Indies"
2156,United Kingdom,"HORSHAM, UK"
33,United Kingdom,Liverpool
32,United Kingdom,London
740,United Kingdom,LONDON
1929,United Kingdom,London & Frankfurt
803,United Kingdom,London & Tokyo
381,United Kingdom,LONDON / NEW YORK
567,United Kingdom,LONDON / SINGAPORE
2168,United Kingdom,LONDON / UAE
1906,United Kingdom,London and Amsterdam
2114,United Kingdom,London and Calgary
733,United Kingdom,London and Hong Kong
1768,United Kingdom,London and Moscow
770,United Kingdom,"LONDON and MOUNTAIN VIEW, CA"
2194,United Kingdom,"LONDON and SANTA CLARA, Calif"
1220,United Kingdom,"London and Stevenage, UK"
1202,United Kingdom,London and Stockholm
617,United Kingdom,"London, Bangkok"
963,United Kingdom,"LONDON, CHICAGO AND SINGAPORE"
2261,United Kingdom,"LONDON, ENGLAND & WEST PALM BEACH, FL"
1271,United Kingdom,"LONDON, PONTE VEDRA & DAYTONA BEACH"
1561,United Kingdom,"London, UK"
1523,United Kingdom,"LONDON, UK / ACCESSWIRE"
1145,United Kingdom,London/Copenhagen
2129,United Kingdom,London/Edinburgh
1275,United Kingdom,LONDON/NY/PARIS/SG
804,United Kingdom,London/Tokyo/Hong Kong
135,United Kingdom,Macclesfield
1615,United Kingdom,"Maidenhead, England"
693,United Kingdom,"MANCHESTER, UK"
2377,United Kingdom,Munich/London
118,United Kingdom,Norwich
1443,United Kingdom,"Oxfordshire, UK and Kerala, IN"
225,United Kingdom,Reykjavik and London
1896,United Kingdom,"ROAD TOWN, United British Virgin Islands"
433,United Kingdom,"Salisbury, UK"
2248,United Kingdom,"SOUTHAMPTON, ENGLAND"
1293,United Kingdom,"St Peter Port, GUERNSEY"
1559,United Kingdom,"Stone, Staffordshire, UK"
1185,United Kingdom,"Stratford-upon-Avon, UK"
1040,United Kingdom,"THORNHILL, SCOTLAND"
1384,United Kingdom,"Tonbridge, UK / ACCESSWIRE"
1546,United Kingdom,"TORTOLA, BVI"
1520,United Kingdom,"Tortola, BVI / ACCESSWIRE"
1521,United Kingdom,UK
582,United Kingdom,United Kingdom
2115,United Kingdom,"WINCHESTER, ENGLAND"
152,United Kingdom,Yokohama and London
1105,United States,"AGOURA HILLS, CA"
1880,United States,"ALBANY, NY"
1467,United States,"ALEXANDRIA, VA / ACCESSWIRE"
611,United States,"ALEXANDRIA, Va., USA"
1160,United States,"ALLEN, TX"
884,United States,"ALPHARETTA, GA"
814,United States,"ANN ARBOR, MI"
918,United States,"ANNAPOLIS, MD"
1903,United States,Arizona
2093,United States,"Arlington Heights, IL"
702,United States,"ARLINGTON, VA"
1037,United States,"Armonk, N.Y. and Singapore"
117,United States,"Armonk, NY"
217,United States,"Armonk, NY and Shanhai"
134,United States,"ATLANTA, GA"
1377,United States,"ATLANTA, GA / ACCESSWIRE"
910,United States,"Atlanta, GA and Austin, TX"
671,United States,"ATLANTA, GA and HACKENSACK, NJ"
168,United States,"AUSTIN, TX"
1550,United States,"AUSTIN, TX / ACCESSWIRE"
746,United States,"AUSTIN, TX and TOKYO"
682,United States,"BALTIMORE, MD"
1526,United States,"BALTIMORE, MD / ACCESSWIRE"
407,United States,Bangkok / Washington
878,United States,"BEATRICE, NE"
1117,United States,"BEAVERTON, OR"
590,United States,"BEDFORD PARK, Ill."
737,United States,"BEDFORD, Mass."
2239,United States,"BEDMINSTER, NJ"
380,United States,"Beijing, Hong Kong, New York"
330,United States,"Bend, OR"
1389,United States,"BERKELEY, CALIFORNIA"
1393,United States,"BERKELEY, CALIFORNIA"
955,United States,"BETHESDA, MD"
2463,United States,"Bethesda, United States, and Kawasaki, Japan"
1684,United States,"BEVERLY HILLS, CA"
1103,United States,"Billerica, MA"
1636,United States,"BILLERICA, MA and MILAN, ITALY"
2096,United States,"BIRMINGHAM, AL"
2462,United States,"BLACHSHEAR, GA"
919,United States,"BLOOMINGTON, IN"
2078,United States,"BLUE ISLAND, IL"
853,United States,"Boca Raton, FL"
854,United States,"BOCA RATON, FL and BANGALORE, INDIA"
2056,United States,"Boca Raton, FL, Zürich"
2050,United States,"BOCA RATON, Fla."
2230,United States,"Boca Raton, Florida"
47,United States,"Boise, Idaho"
368,United States,BOSTON
856,United States,"BOSTON and BEDFORD, Mass."
1453,United States,"BOSTON, MA / ACCESSWIRE"
1830,United States,"BOSTON, MA and OXFORD, UK"
1307,United States,"Boston, MA, and Singapore"
2000,United States,"BOSTON, MA, OXFORD, UK and MELBOURNE, AU"
2085,United States,"BOSTON, Massachusetts"
965,United States,"BOULDER, CO and SINGAPORE"
788,United States,"BOULDER, Colorado"
2189,United States,"BOYERTOWN, Pa."
807,United States,"BRIDGEWATER, N.J."
1758,United States,British Virgin Islands
2139,United States,"BROOKLYN, NY"
643,United States,"Broomfield, Colo."
1631,United States,"BRYAN, OH"
2061,United States,"BUFFALO, NY"
251,United States,"Burbank, CA"
2351,United States,"BURLESON, TEXAS"
1718,United States,"BURLINGAME, Calif."
861,United States,"BURLINGTON, VT"
110,United States,"CALIFORNIA, USA"
1197,United States,"Cambridge, MA"
1803,United States,"Cambridge, Massachusetts and Tokyo"
186,United States,"Campbell, CA"
673,United States,"Canandaigua, NY"
2082,United States,"CAPE MAY COURT HOUSE, NJ and STOCKHOLM, SWEDEN"
2083,United States,"CAPE MAY COURT HOUSE, NJ and STOCKHOLM, SWEDEN"
2160,United States,"CAPE MAY COURT HOUSE, NJ and STOCKHOLM, SWEDEN"
2162,United States,"CAPE MAY COURT HOUSE, NJ and STOCKHOLM, SWEDEN"
1928,United States,"CAPE MAY, NJ"
1971,United States,"CAPE MAY, NJ and STOCKHOLM, SWEDEN"
1016,United States,"CARLSBAD & SAN FRANCISCO, Ca."
646,United States,"Carlsbad, Calif."
703,United States,"Carlsbad, Calif. and Jersey City, NJ"
2406,United States,"CARLSTADT, NEW JERSEY"
858,United States,"CARROLLTON, OH"
2195,United States,"CARSON CITY, NV"
2196,United States,"CARSON CITY, NV"
2197,United States,"CARSON CITY, NV"
2198,United States,"CARSON CITY, NV"
2199,United States,"CARSON CITY, NV"
2200,United States,"CARSON CITY, NV"
1725,United States,"Casper, WY"
1604,United States,"Cave Creek, AZ"
28,United States,Cedar Rapids
588,United States,"CES 2018, Las Vegas"
1573,United States,"Chapel Hill, NC"
2042,United States,"CHARLESTOWN, SAINT KITTS AND NEVIS"
462,United States,"CHARLOTTE, N.C."
1744,United States,"CHEYENNE, WY"
25,United States,"CHICAGO, IL"
1121,United States,"CHICAGO, IL and NEW YORK, NY"
939,United States,"CHICAGO, ILLINOIS and TORONTO, ONTARIO"
975,United States,"CHICAGO, ILLINOIS and TORONTO, ONTARIO"
1053,United States,"Chicago, Minneapolis & Toronto"
143,United States,Cincinnati
423,United States,"CINCINNATI, OH"
1574,United States,"City of Industry, CA"
2066,United States,"CLAREMONT, AUSTRALIA"
763,United States,"CLEVELAND and BARCELONA, Spain"
661,United States,CLEVELAND and DUSSELDORF
629,United States,CLEVELAND and SHANGHAI
811,United States,CLEVELAND and TOKYO
464,United States,"CLEVELAND, Ohio"
1309,United States,"Coconut Creek, FL"
1501,United States,"Colorado, USA"
653,United States,"Columbia, MD"
2091,United States,"COLUMBUS, OH"
1464,United States,"Columbus, OH & NY, NY / ACCESSWIRE"
1560,United States,"Concord, NC"
2409,United States,"CONKLIN, NY"
1352,United States,"Coral Gables, FL"
604,United States,"CORNING, N.Y."
2455,United States,"COSTA MESA, CA"
424,United States,"COVINGTON, Ky."
644,United States,"COVINGTON, Ky. and HELSINKI, Finland"
2434,United States,"Cranston, RI, USA & Neuchatel, Switzerland"
2240,United States,"CUPERTINO, CA"
657,United States,"CUPERTINO, CA"
1517,United States,"DALLAS, MIAMI & LONDON / ACCESSWIRE"
1616,United States,"DALLAS, SYDNEY & JAPAN"
140,United States,"DALLAS, TX"
1781,United States,"DALLAS, TX & BELL, CA"
1792,United States,"Dallas, TX / Abu Dhabi, UAE"
1400,United States,"DALLAS, TX / ACCESSWIRE"
1941,United States,"DALLAS, TX and SYDNEY, AUSTRALIA"
1414,United States,"DALLAS, TX and TOKYO, JAPAN / ACCESSWIRE"
2327,United States,"DALTON, GA"
685,United States,"DANA POINT, CA"
799,United States,"DANBURY, CT"
587,United States,"DANVERS, MA"
916,United States,"DAVIS, CA"
1056,United States,"DAVIS, CA and AMSTERDAM"
2179,United States,"DAYTON, OH"
2331,United States,"Delaware, USA"
1519,United States,"DELRAY BEACH, FL"
248,United States,"DENVER, CO"
1776,United States,"DETROIT / LAKE MARY, Fla."
755,United States,Detroit Telematics
403,United States,"DETROIT, MI"
1524,United States,"DIAMOND BAR, CA"
1807,United States,"DOVER, DE"
1562,United States,"DOVER, DEL & SHANGHAI"
1505,United States,"DOWNERS GROVE, IL / ACCESSWIRE"
2025,United States,"DREIEICH, Germany and SANTA CLARA, Calif."
1618,United States,"DUBLIN, CALIFORNIA"
1877,United States,"Durham, NC"
555,United States,"Eagan, Minn., USA"
170,United States,East Hanover
2300,United States,"EAST LONGMEADOW, MA"
1509,United States,"EASTLAKE, OH / ACCESSWIRE"
1109,United States,"Eatontown NJ and Tokyo, Japan"
249,United States,"Edina, MN"
163,United States,"El Dorado Hills, CA."
355,United States,"El Segundo, CA"
2427,United States,"Elko County, Nevada"
917,United States,"EMERYVILLE, CA"
906,United States,"EMERYVILLE, CA"
547,United States,"ENGLEWOOD, Colo."
535,United States,"ENGLEWOOD, Colo. and Rivalta Scrivia, Italy"
521,United States,"ENON, Ohio"
474,United States,"ENON, Ohio"
615,United States,Enterprise Connect 2013
1412,United States,"EVANSTON, Ill."
2041,United States,"EXTON, PA"
849,United States,"FAIRFAX, VA"
2191,United States,"FAIRFIELD, Conn."
684,United States,"FARMINGDALE, NY"
1539,United States,"FAYETTEVILLE, AR / ACCESSWIRE"
421,United States,"FINDLAY, Ohio"
969,United States,"FLAGSTAFF, AZ"
1510,United States,FLORIDA
578,United States,"Folsom, NJ"
2131,United States,"FOOTHILL RANCH, CA"
428,United States,"FORT COLLINS, Colo."
713,United States,"FORT LAUDERDALE, FL"
1845,United States,"Fort McDowell, Arizona"
850,United States,"FORT WASHINGTON, PA"
2202,United States,"FORT WORTH, TX"
2178,United States,"FOSTER CITY, CA"
1317,United States,"FOSTER CITY, Calif."
753,United States,"FRAMINGHAM, Mass."
816,United States,"FRANKLIN, MA"
1184,United States,"FREEPORT, N.Y."
214,United States,"FREMONT, CA"
958,United States,"FREMONT, CA and GUANGZHOU, CHINA"
982,United States,"FREMONT, CA and LAS VEGAS, NV"
1078,United States,"FREMONT, CA and SEOUL, SOUTH KOREA"
44,United States,"FREMONT, Calif."
2142,United States,"FRISCO, TX"
1001,United States,"GAINESVILLE, FL"
891,United States,"GAITHERSBURG, MD"
1065,United States,"GAITHERSBURG, MD and BRATISLAVA, SLOVAKIA"
1018,United States,"GAITHERSBURG, MD and DUSSELDORF, GERMANY"
930,United States,"GAITHERSBURG, MD and EL DORADO HILLS, CA"
1028,United States,"GAITHERSBURG, MD and MELBOURNE, AUSTRALIA"
1044,United States,"GAITHERSBURG, MD and PARIS, FRANCE"
1057,United States,"GAITHERSBURG, MD and SINGAPORE"
1048,United States,"GAITHERSBURG, MD and TOKYO, JAPAN"
2152,United States,"GARDENA, CA and SHANGHAI, CHINA"
2153,United States,"GARDENA, CA and SHANGHAI, CHINA"
2154,United States,"GARDENA, CA and SHANGHAI, CHINA"
2437,United States,"GEORGE TOWN, KY"
2159,United States,"GEORGETOWN, GUYANA"
1740,United States,"Glendale, CA"
1440,United States,"Glendale, CA / ACCESSWIRE"
1034,United States,"GOLETA, CA"
1658,United States,"Greeley, Colo."
1687,United States,"GREENSBORO, N.C."
570,United States,"Greenwood Village, Co."
1583,United States,"Hamilton, Ohio"
929,United States,"HAUPPAUGE, NY"
870,United States,"HAUPPAUGE, NY"
981,United States,"HAUPPAUGE, NY and MEXICO CITY"
1475,United States,Hawaii
2398,United States,"HAYWARD, CALIFORNIA"
1052,United States,"HENDERSON, NV"
1356,United States,"Hicksville, NY"
841,United States,"HILLSBORO, OR"
1284,United States,HILTON HEAD
1822,United States,"Hoboken, NJ, Rostock/Berlin, Germany"
414,United States,"Hollywood, California"
663,United States,HONOLULU
133,United States,"HOPKINTON, MASS"
254,United States,"Houston, TX"
2384,United States,"HOUSTON, TX and SOUTH PERTH, WESTERN AUSTRALIA"
2298,United States,"Illinois, US"
127,United States,"INDIANAPOLIS, IN"
348,United States,"IRVINE, CA"
1407,United States,"IRVINE, CA / ACCESSWIRE"
873,United States,"IRVINE, CA and LONG ISLAND, BAHAMAS"
801,United States,"Irvine, California and Tokyo"
1025,United States,"IRVING, TEXAS"
1872,United States,"Ithaca, NY"
1472,United States,"JACKSONVILLE, FLA."
522,United States,"Jefferson, LA"
2020,United States,"JEFFERSONVILLE, Ohio"
2224,United States,"JERICHO, NY"
926,United States,"JERSEY CITY, N.J."
847,United States,"JERSEY CITY, N.J. and Edinburgh, U.K."
1348,United States,"JERSEY CITY, N.J. and SURREY, U.K."
1362,United States,"JERSEY CITY, N.J., and WALLDORF, Germany"
1508,United States,"JUPITER, FL / ACCESSWIRE"
280,United States,"Kawasaki, JP & Sunnyvale, CA"
780,United States,"Keystone, Colo."
477,United States,"KINGSPORT, Tenn."
501,United States,"Kingsport, Tenn., USA"
431,United States,"KNOXVILLE, Tenn."
564,United States,"LAKE FOREST, Ill"
2022,United States,"LAKE MARY, Fla."
2052,United States,"LANSDALE, PA"
1151,United States,Las Vegas / DEFCON
1946,United States,"Las Vegas, Nevada and Ramat Gan, Israel"
51,United States,"LAS VEGAS, NV"
1152,United States,Las Vegas-Black Hat
772,United States,"LAWRENCEVILLE, NJ"
991,United States,"LE SUEUR, MN"
1866,United States,"LEE'S SUMMIT, MO and BURLEIGH HEADS, AU"
2140,United States,Lewes DE
529,United States,"LEWISVILLE, TX"
496,United States,Lexington Massachusetts
495,United States,"Lexington, MA"
507,United States,"Lexington, Mass."
1673,United States,"LINCOLN, Nebraska"
1061,United States,"LIVERPOOL, UK and REDWOOD CITY, CA"
1099,United States,"LONG BEACH, CA"
2113,United States,"LOS ALTOS, CA"
1141,United States,"LOS ALTOS, CA and HACKENSACK, NJ"
2094,United States,"Los Altos, CA and Sydney, AU"
1288,United States,LOS ANGELES & HONG KONG
1695,United States,Los Angeles & Mumbai
1049,United States,LOS ANGELES & TOKYO
24,United States,"LOS ANGELES, CA"
2306,United States,"LOS ANGELES, CA and WATERLOO, ON"
622,United States,"Los Angeles, Ca. and Tsukuba, Japan"
843,United States,"LOS GATOS, CA"
1088,United States,"LOUISVILLE, CO"
1032,United States,"LOUISVILLE, KY"
809,United States,"LOWELL, MASSACHUSETTS"
188,United States,"MADISON, WI"
902,United States,"MANCHESTER, NH"
997,United States,"MANHATTAN, NY"
2281,United States,"MARCO ISLAND, FL"
2024,United States,"MARYSVILLE, Ohio"
1529,United States,"Massachusetts, USA"
1059,United States,"MAYNARD, MA"
970,United States,"MCLEAN, VA"
695,United States,"McLean, VA and Singapore"
38,United States,"Melville, N.Y."
983,United States,"MEMPHIS, TN"
1759,United States,"MENLO PARK / FOSTER CITY, CA and HANGZHOU, CHINA"
1005,United States,"MENLO PARK, CA"
385,United States,"Menlo Park, CA & Sydney, AUS"
1169,United States,"MENLO PARK, CA and HELSINKI, FINLAND"
1989,United States,"MIAMI and LAKE MARY, Fla."
2173,United States,"MIAMI BEACH, FL"
1256,United States,"MIAMI, FL"
2098,United States,"MIAMI, FL & VILNIUS, LITHUANIA"
976,United States,"MIAMI, FL / ACCESSWIRE"
990,United States,"MIAMI, FL and DALLAS, TX"
1166,United States,"Midland, Mich., USA"
1153,United States,"MILFORD, MA"
738,United States,"MILPITAS, Calif."
705,United States,"MILPITAS, Calif. and TEMPE, Ariz."
26,United States,"MILWAUKEE, U.S."
1716,United States,"MILWAUKEE, WI"
388,United States,"MINNEAPOLIS, MN"
709,United States,Monroe NJ
667,United States,MONTE CARLO & BOSTON
726,United States,"MONTGOMERYVILLE, PA"
1932,United States,"Montvale, N.J. & Tokyo, Japan"
1933,United States,"Montvale, N.J. & Tokyo, Japan"
987,United States,"MORRISTOWN, NJ"
1456,United States,"MORRISTOWN, NJ / ACCESSWIRE"
1773,United States,"Mountain View, CA & Mumbai"
915,United States,"Mountain View, CA, Amsterdam & HK"
184,United States,"Mountain View, Calif"
2220,United States,"Mountain View, Calif,  Mumbai, India, & UAE"
1086,United States,"Mountain View, Calif, Amsterdam"
1980,United States,"Mountain View, Calif., Dubai, UAE and Mumbai, India"
2073,United States,"Mountain View, Calif., Indonesia"
2048,United States,"Mountain View, Calif., London, UK, Amsterdam, Netherlands, & Mumbai, India"
2069,United States,"Mountain View, Calif., UAE"
1925,United States,"MOUNTAIN VIEW, California & MUMBAI, India & MONTREAL, Canada"
2201,United States,"MT.  VERNON, NY"
998,United States,"MUSCAT, OMAN and DALLAS, TX"
888,United States,"MYRTLE BEACH, SOUTH CAROLINA"
808,United States,"NAPA, CA"
1985,United States,"NAPLES, FL"
1986,United States,"NAPLES, FL"
1416,United States,"Naples, FLA / Amsterdam"
743,United States,"Nashville, TN"
2461,United States,"NEEDHAM, MA"
397,United States,"NEENAH, WISCONSIN"
1715,United States,"Nevada, United States"
560,United States,"NEW BERN, N.C."
2145,United States,"NEW HAVEN, CT"
212,United States,New Jersey
34,United States,NEW YORK
698,United States,NEW YORK & LONDON
1222,United States,NEW YORK & MUMBAI
2060,United States,NEW YORK / PARIS / TOKYO
1917,United States,NEW YORK and SHANGHAI
1918,United States,NEW YORK and SHANGHAI
1919,United States,NEW YORK and SHANGHAI
1206,United States,NEW YORK and SINGAPORE
660,United States,NEW YORK and SYDNEY
675,United States,New York and Tokyo
945,United States,"New York, Beijing"
128,United States,"NEW YORK, N.Y."
1264,United States,"NEW YORK, NY"
1749,United States,"New York, NY"
1010,United States,"NEW YORK, NY & LONDON"
842,United States,"NEW YORK, NY & SAN FRANCISCO, CA"
1431,United States,"NEW YORK, NY / ACCESSWIRE"
724,United States,"NEW YORK, NY and HOFFMAN ESTATES, IL"
1073,United States,"NEW YORK, NY and MIAMI, FL"
967,United States,"NEW YORK, NY and SANTA CLARA, CA"
871,United States,"NEW YORK, NY and TEL AVIV, ISRAEL"
2227,United States,"NEW YORK, NY, LONDON, UK and SYDNEY, AUSTRALIA"
1864,United States,"NEW YORK, PARIS, and SYDNEY"
886,United States,NEW YORK/HONG KONG
2058,United States,NEW YORK/PARIS/TOKYO
2059,United States,NEW YORK/PARIS/TOKYO
1780,United States,"Newark, NJ"
1848,United States,"NEWBURYPORT, MA"
1528,United States,"NEWPORT BEACH, CA"
347,United States,"Newton, MA"
506,United States,"Newtown, PA"
538,United States,"Newtown, PA"
2342,United States,"NORTH BRUNSWICK, N.J."
2341,United States,"NORTH BRUNSWICK, New Jersey"
2229,United States,"North Carolina, USA & Adelaide, Australia"
1920,United States,"North Miami, Florida"
1651,United States,"NORWALK, US & HONG KONG SAR"
1287,United States,"NOVATO, US"
491,United States,"OAK BROOK, IL"
523,United States,"Oakland, CA"
1492,United States,"OCALA, FL / ACCESSWIRE"
1592,United States,"Oceanside, California"
2278,United States,"OCOEE, FLA"
2408,United States,"OJAI, CALIFORNIA"
505,United States,OKLAHOMA CITY
2310,United States,"ONTARIO, Calif."
174,United States,"Orem, UT"
356,United States,"Orlando, FL"
144,United States,"Orlando, Florida"
2027,United States,"ORMOND BEACH, FL"
2174,United States,"OXFORD, MI"
182,United States,PALM BEACH BOAT SHOW
2387,United States,"PALM BEACH GARDENS, FL"
149,United States,"PALO ALTO, CA"
1084,United States,"PALO ALTO, CA and SUWON, SOUTH KOREA"
1597,United States,"PALO ALTO, CA, USA"
2161,United States,"PALO ALTO, Calif. and NEW YORK"
2180,United States,"PANAMA CITY, FLA"
651,United States,"PARSIPPANY, NJ"
1799,United States,"Pasadena, CA, USA"
510,United States,"PERRYSBURG, Ohio"
499,United States,"PERRYSBURG, Ohio"
492,United States,"PERRYSBURG, Ohio"
169,United States,Philadelphia
500,United States,"PHILADELPHIA, PA"
379,United States,"Philadelphia, PA, London UK"
377,United States,"Philadelphia, PA, London, UK"
1303,United States,PHOENIX & VENICE BEACH
1346,United States,"PHOENIX and NEW ALBANY, IND."
2077,United States,"PHOENIX, Arizona"
267,United States,"PHOENIX, US"
2382,United States,"PIONEERTOWN, CA"
1113,United States,"PISCATAWAY, NJ"
2132,United States,Pittsburgh & Tokyo
638,United States,"Pittsburgh, PA"
708,United States,"PITTSBURGH, PA and CINCINNATI, OH"
1203,United States,"PLANO, Texas"
683,United States,"Plano, TX"
1875,United States,"PLAYA VISTA, California"
199,United States,"PLEASANTON, CA"
690,United States,"PLYMOUTH, Mich."
2371,United States,"POOLER, GEORGIA"
504,United States,"Port Washington, NY"
187,United States,"Portland, OR"
1171,United States,"PORTLAND, OR and TOKYO, JAPAN"
472,United States,"PORTSMOUTH, VA / VILLORBA-TREVISO"
1481,United States,"Princeton, Indiana"
337,United States,"Princeton, NJ"
151,United States,"Princeton, NJ"
591,United States,"Providence, Rhode Island"
2460,United States,"PUTNAM, CT AND ROMEOVILLE, IL"
2212,United States,"QUAKERTOWN, PA"
2352,United States,"RADNOR, PA"
2333,United States,"RADNOR, Pa."
2334,United States,"RADNOR, Pa."
2335,United States,"RADNOR, Pa."
2438,United States,"RAHWAY, NJ and TOKYO"
454,United States,"Raleigh, N.C."
650,United States,"RALEIGH, N.C. and CAMBERLEY, UK"
603,United States,"Raleigh, N.C., and Port Adelaide, S. Australia"
473,United States,"Raleigh, NC"
437,United States,"Raleigh, North Carolina and Zurich,"
2203,United States,"RANCHO CORDOVA, CA"
823,United States,"RANCHO SANTA FE, CA"
952,United States,"RARITAN, NJ"
1316,United States,"Redondo Beach, CA"
626,United States,"REDWOOD CITY, CA"
1158,United States,"REDWOOD CITY, CA and SINGAPORE"
999,United States,"REDWOOD CITY, CA and TOKYO, JAPAN"
452,United States,"Redwood Shores, CA"
246,United States,"Reno, Nevada"
2125,United States,"Reno, NV"
2103,United States,"Reno, NV"
172,United States,"Research Triangle Park, NC"
848,United States,"RESTON, VA and GURGAON, INDIA"
1339,United States,"RESTON, VA."
1402,United States,"RICHMOND, CA"
1820,United States,"Richmond, VA"
1543,United States,"Ridgefield Park, NJ"
1469,United States,"RIDGEFIELD PARK, NJ / CHENNAI, IN"
2049,United States,"RIDGEFIELD, CT"
370,United States,"Rifle, Colo."
378,United States,"Rifle, Colo."
1187,United States,"Riverwoods, Illinois"
1853,United States,"Road Town, British Virgin Islands"
1534,United States,"Rochester, N.Y."
2257,United States,"ROCKVILLE, MD and SHENZHEN, CHINA"
2258,United States,"ROCKVILLE, MD and SHENZHEN, CHINA"
2206,United States,"ROMEOVILLE, IL"
2207,United States,"ROMEOVILLE, IL"
1438,United States,"ROSEMONT, IL"
1940,United States,"ROSTOCK, Germany & DAMMAM, KSA"
1593,United States,"SACRAMENTO, CA"
927,United States,"SAGINAW, Mich."
1913,United States,"SAINT PETERSBURG, FL"
1890,United States,"SAINT PETERSBURG, FL"
1401,United States,"SAIPAN, N. Mariana Islands"
889,United States,"SALT LAKE CITY, UT"
171,United States,"San Antonio, TX"
1477,United States,"SAN ANTONIO, TX / ACCESSWIRE"
1397,United States,"SAN CLEMENTE, CA / ACCESSWIRE"
139,United States,SAN DIEGO
1428,United States,"SAN DIEGO, CA and TOKYO"
36,United States,San Francisco
1232,United States,SAN FRANCISCO & HONG KONG
2314,United States,SAN FRANCISCO / HANOI
2249,United States,SAN FRANCISCO / MUMBAI
1995,United States,SAN FRANCISCO and NEW YORK
1265,United States,San Francisco and Stockholm
771,United States,San Francisco and Tokyo
741,United States,"SAN FRANCISCO, CA"
2313,United States,"San Francisco, CA & Hanoi"
1101,United States,"SAN FRANCISCO, CA / SINGAPORE"
896,United States,"SAN FRANCISCO, CA and PHILADELPHIA, PA"
857,United States,"SAN FRANCISCO, CA and SYDNEY, AUS"
2124,United States,"SAN FRANCISCO, CA and TAIPEI, TAIWAN"
2270,United States,"SAN FRANCISCO, CA, & HCMC, Vietnam"
620,United States,"San Francisco, CA, and Elk Grove Village, IL"
2312,United States,"San Francisco, Calif, & Hanoi"
2235,United States,"San Francisco, Calif, & Mumbai, India"
2236,United States,"San Francisco, Calif. & Mumbai, India"
27,United States,"SAN JOSE, CA"
1408,United States,"SAN JOSE, CA / ACCESSWIRE"
1496,United States,"San Jose, CA and Kerala, India"
869,United States,"SAN JOSE, CA and SAN FRANCISCO, CA"
978,United States,"SAN JOSE, CA and SHANGHAI, CHINA"
1176,United States,"SAN JOSE, CA and TOKYO, JAPAN"
747,United States,"San Mateo, CA"
1112,United States,"SAN RAMON, CA"
1008,United States,"SAN RAMON, CA and PACIFICO YOKOHAMA, JAPAN"
2372,United States,"SAN RAMON, CA AND SYDNEY, AUSTRALIA"
1747,United States,"SAN RAMON, Calif. / LAKE MARY, Fla. / HOLLADAY, Utah"
2214,United States,"SANFORD, FL"
921,United States,"SANTA ANA, CA"
1064,United States,"SANTA BARBARA, CA"
2404,United States,"SANTA BARBARA, CA AND WEST PALM BEACH, FL"
39,United States,"SANTA CLARA, CA"
575,United States,"Santa Clara, CA & London, UK"
940,United States,"SANTA CLARA, CA and ZURICH, CH"
2454,United States,"SANTA CLARA, Calif"
399,United States,"Santa Clara, Calif. and Gloucester, Mass."
885,United States,"Santa Clara, Calif. and Yokohama, Japan"
2416,United States,"Santa Clara, Münster, Tokyo,"
1266,United States,"SANTA CRUZ, Calif."
363,United States,"SANTA MONICA, CA"
694,United States,"SANTA MONICA, CA and SEOUL, SOUTH KOREA"
321,United States,"Savannah, GA"
132,United States,"Schaumburg, Illinois"
373,United States,"Schiller Park, Ill."
374,United States,"Schiller Park, Ill."
375,United States,"Schiller Park, Ill."
392,United States,"SCHILLER PARK, Ill."
995,United States,"SCHOMBERG, ON"
1471,United States,"Scotts Valley, CA & Tokyo"
253,United States,"Scottsdale, AZ"
1180,United States,"SCOTTSDALE, AZ and SINGAPORE"
556,United States,"Seal Beach, California"
35,United States,"SEATTLE, WA"
1489,United States,"Seattle, WA, Sydney and Singapore"
931,United States,"Seattle, WA, Sydney and Tokyo"
49,United States,"Secaucus, NJ"
2054,United States,"SELMA, VA"
1499,United States,"SHELTON, CT"
1805,United States,"Sheridan, WY"
1991,United States,"Sierra Blanca, TX"
828,United States,"SILICON VALLEY, CA"
283,United States,"Sioux Falls, S.D"
159,United States,"Skokie, IL"
1395,United States,"SKOKIE, USA and RAVENSBURG, GERMANY"
1953,United States,"SOLANA BEACH, CA"
1954,United States,"SOLANA BEACH, CA"
155,United States,Sommers
2237,United States,"SOUTH ORANGE, NJ"
554,United States,"South San Francisco, CA"
648,United States,"South San Francisco, CA, and Tokyo"
481,United States,"Southampton, PA, USA"
485,United States,"Southampton, PA, USA"
508,United States,"SOUTHFIELD, Mich."
526,United States,"SOUTHFIELD, Mich."
519,United States,"SOUTHFIELD, Mich."
1138,United States,"Sparta, NJ"
494,United States,"Spokane, Washington"
467,United States,"Spokane, Washington"
1154,United States,"SPRING HOPE, N.C."
1708,United States,"ST LOUIS, MO, USA"
1542,United States,"St. George, UT and Boise, ID"
1998,United States,"ST. GEORGE, Utah"
1999,United States,"ST. GEORGE, Utah"
656,United States,"ST. PAUL, MINN."
1957,United States,"STAMFORD, CT"
1861,United States,"Stockton, California"
2053,United States,"STURBRIDGE, MA"
2448,United States,"SUMMIT, NJ"
1816,United States,"SUNNY ISLES BEACH, FL"
142,United States,"SUNNYVALE, CA"
274,United States,"SUNNYVALE, CA"
959,United States,"SUNNYVALE, CA and BEIJING"
1090,United States,"SUNNYVALE, CA and TOKYO"
1131,United States,"Sunnyvale, CA, Xiamen, CN and Munich, DE"
207,United States,"Sunnyvale, California"
1732,United States,"SUNRISE, FL"
1576,United States,"Sydney, Kuala Lumpur, Bluffton, SC"
357,United States,"Tacoma, WA"
177,United States,"TAMPA, FLA."
446,United States,"Tempe, Ariz., USA"
129,United States,"Tempe, Arizona"
974,United States,"TEWKSBURY, MA"
2436,United States,"TEWKSBURY, MA AND HYDERABAD, INDIA"
197,United States,Texas
2263,United States,"THE WOODLANDS, TX"
1891,United States,"THOMASVILLE, GA"
642,United States,"Thousand Oaks & South San Francisco, CA."
2100,United States,TOKYO & GUAM
2101,United States,TOKYO & GUAM
2171,United States,Tokyo and Denver
58,United States,"Tokyo and Mountain View, CA"
1974,United States,Tokyo and San Francisco
161,United States,"Tokyo and Skokie, Il."
99,United States,"Tokyo, Japan and Bellaire, TX"
831,United States,"Tokyo, Kawasaki, JP & Sunnyvale, CA."
2383,United States,"TOMBALL, TX"
43,United States,"Torrance, Calif."
1824,United States,"Tortola, British Virgin Islands"
932,United States,"TROY, MI"
490,United States,"TUCSON, AZ"
156,United States,"Tucson, Az."
2144,United States,United States
115,United States,Utah - Springville
933,United States,"VENICE, CA and WOODINVILLE, WA"
1104,United States,"VENICE, FL"
362,United States,"VICTOR, N.Y."
352,United States,"VICTOR, N.Y."
971,United States,"VICTOR, N.Y. and SAN DIEGO, Calif."
608,United States,"VICTOR, N.Y. and SAO PAULO, BRAZIL"
2076,United States,"VIENNA, VA."
2373,United States,"VILNIUS, LT"
1923,United States,"Virginia, USA"
2255,United States,"WAKE FOREST, N.C."
941,United States,"WALL, NJ"
863,United States,"WALLINGFORD, CT"
1662,United States,"Walnut Creek, Calif."
1530,United States,"WALTHAM, MA"
179,United States,"Waltham, MA"
366,United States,"Warren, NJ"
113,United States,Washington
112,United States,"Washington, D.C."
742,United States,"Washington, D.C. & Singapore"
789,United States,"Washington, D.C. and Reno, Nevada"
2412,United States,"Washington, D.C., Jakarta, Kuala Lumpur and Tokyo,"
2413,United States,"Washington, D.C., Jakarta, Kuala Lumpur and Tokyo,"
534,United States,"Washington, DC"
2031,United States,"WELLINGTON, FL"
2418,United States,"West Des Moines, IA"
2419,United States,"West Des Moines, IA"
131,United States,"West Heven, Connecticut"
1624,United States,"West Palm Beach, FL"
2259,United States,"WEST PALM BEACH, FL & FLORENCE, ITALY"
2108,United States,"WEST PALM BEACH, FL and BENGALURU, INDIA"
2215,United States,"WEST PALM BEACH, FL and DUBAI, UAE"
2451,United States,"WEST PALM BEACH, FL AND ISTANBUL, TURKEY"
2279,United States,"WEST PALM BEACH, FL AND MIDHURST, ENGLAND"
2315,United States,"WEST PALM BEACH, FL AND MUMBAI, INDIA"
2358,United States,"WEST PALM BEACH, FL AND NEW DELHI, INDIA"
2284,United States,"WEST PALM BEACH, FL and PARIS, FRANCE"
2136,United States,"WEST PALM BEACH, FL and ROME, ITALY"
2388,United States,"WEST PALM BEACH, FL AND SAO PAULO, BRAZIL"
2456,United States,"WEST PALM BEACH, FL AND ST. MORITZ, SWITZERLAND"
2361,United States,"WEST PALM BEACH, FL AND SYDNEY, AUSTRALIA"
2272,United States,"WEST PALM BEACH, FL AND WINDSOR, ENGLAND"
2396,United States,"WEST PALM BEACH, FLA./MIDHURST, U.K."
2117,United States,"WEST SENECA, NY"
922,United States,"WESTBOROUGH, MA"
405,United States,"WESTCHESTER, Ill."
900,United States,"WESTFORD, MA"
1000,United States,"WESTLAKE VILLAGE, CA"
2166,United States,"WESTLAKE, OH"
372,United States,"White Plains, N.Y."
382,United States,"White Plains, N.Y."
393,United States,"White Plains, N.Y. and London"
415,United States,"White Plains, N.Y. and London"
416,United States,"White Plains, N.Y. and London"
404,United States,"White Plains, N.Y. and London"
524,United States,"WHITE PLAINS, NY"
2044,United States,"WICHITA, KS"
444,United States,"WILMINGTON, DE"
466,United States,"WILMINGTON, DE"
2072,United States,"Wilmington, MA and Singapore"
250,United States,"Wilmington, Mass"
2046,United States,"WOOD DALE, IL"
418,United States,"WOODLAND PARK, N.J."
398,United States,"Woodland Park, New Jersey"
391,United States,"Woodland Park, New Jersey"
422,United States,"Woodland Park, New Jersey"
137,United States,Yorktown Heights
175,United States,"Ypsilanti, MI"
2089,United States,"YUKON, PA"
176,United States,"Zeeland, MI"
2262,Uzbekistan,"Tashkent, Uzbekistan"
1191,Vietnam,"DA NANG, VIETNAM"
1755,Vietnam,"Ecopark City, Vietnam"
2187,Vietnam,"HAI PHONG, VIETNAM"
1359,Vietnam,HANOI & HONG KONG
346,Vietnam,Hanoi & Tokyo
701,Vietnam,Hanoi and Singapore
236,Vietnam,"HANOI, Vietnam"
574,Vietnam,Ho Chi Minh City & Tokyo
341,Vietnam,HO CHI MINH CITY & TOKYO
281,Vietnam,"HO CHI MINH CITY, VIETNAM"
339,Vietnam,"Hue City, Vietnam"
1766,Vietnam,Nay Pyi Taw
1343,Vietnam,PHNOM PENH/TOKYO
2151,Vietnam,"PHU QUOC, VIETNAM"
1313,Vietnam,"SAIGON, VIETNAM"
634,Vietnam,Vietnam
1042,x,Abu Dhabi
704,x,Asia Pacific
649,x,ASPEN
1516,x,BUCHAREST
1024,x,"CRANBURY, NJ"
937,x,CTIA Las Vegas
1373,x,"Dallas, TX and Hong Kong (TOKEN2049)"
728,x,"Enterprise Connect, Orlando, FL"
1043,x,"GAITHERSBURG, MD and PARIS, FRANCE"
1674,x,"HO CHI MINH CITY, VIETNAM"
734,x,"Interop 2014, Las Vegas, NV"
1406,x,"Kingstown, Saint Vincent and the Grenadines"
1857,x,"KYOTO, Japan"
1703,x,"Mahe, Seychelles"
907,x,Mobile World Congress Shanghai
836,x,"Mobile World Congress, Barcelona"
1934,x,"Montvale, N.J. & Tokyo, Japan"
1385,x,MUNICH
619,x,Nestle S.A.
1035,x,"NICE, FRANCE"
2009,x,PCG Digital
1026,x,"PISCATAWAY, NJ"
1728,x,"Road Town, British Virgin Islands"
1429,x,"SAP Ariba Live, Singapore"
1075,x,"TAITUNG, TAIWAN"
1553,x,TOKYO
1734,x,"Tokyo, China"
334,Zambia,Lusaka
516,Zimbabwe,Harare
