id,suppliername
236,"1982 Ventures"
218,"8PR Asia"
127,"A*STAR"
183,"Accesswire"
155,"Acendus"
9,"ACN"
181,"Across Asia"
212,"Actusnews"
235,"Adfactors PR"
232,"ADX PR"
186,"AKAI Culture"
194,"Alaya Consulting"
299,"All Way Success"
214,"Allegravita"
190,"Allison Partners"
241,"AnLi"
122,"Antara"
244,"Artemis"
245,"Asia Biz Today"
255,"Avantor"
260,"BCW Global"
289,"Beerich Limited"
213,"Besteyes"
230,"Bitcoin PR Buzz"
274,"Bloomingdale PR"
209,"Bright Commns"
200,"Broad Group"
150,"Burson Hong Kong"
203,"CA Cultural"
99,"Cannes Lions"
308,"CaoCao Inc."
98,"CASBAA"
301,"CEO Suite"
201,"Chatwin PR"
184,"ChinaMobile"
238,"Christensen"
170,"CIBank HK"
279,"CleverTap"
249,"CO.DIRECT"
131,"Concord"
206,"Corporate Link"
191,"Cougar PR"
234,"Craft Bamboo"
137,"CTimes"
293,"DataBurning"
257,"DECOMAN"
148,"Didi Chuxing"
165,"DMG"
273,"Domineum"
306,"Dragonrider"
151,"DT Asia Pacific"
89,"EAST WEST"
233,"EC Healthcare"
210,"Edelman JP"
267,"EKR Agency"
291,"Ellerton & Co"
166,"eMailWire"
173,"Emperor Group"
159,"EQS"
169,"EverBloom"
133,"EverReliable"
114,"Exedra Events"
130,"Experia"
142,"Fabulous Intl"
278,"Fekra Comms"
271,"FGS Global"
202,"Financial PR"
163,"FINET"
141,"Finsbury HK"
211,"Finsbury JP"
221,"Fleishman"
167,"Frement"
223,"Fresh Comms"
282,"FTI Consult (HK) Ltd"
294,"FWD"
107,"Gavin HK"
138,"Golin HK"
264,"Gradiant"
254,"GY Asset"
256,"H+K"
199,"Hi Sun Tech"
261,"HighTide"
310,"Hirocks"
259,"HK ACD"
287,"HK ASTRI"
126,"HKTDC"
146,"Hoffman HK"
246,"Hoffman SG"
185,"Hongda FPR"
250,"HUIPU"
253,"IBA International"
197,"ICA Asia"
97,"IGVision"
268,"InfoQuest"
90,"Instinctif"
196,"Intelligent Joy"
189,"InvestHK"
100,"IQPC"
92,"JCN"
304,"Jervois Finance"
231,"JEZ Media"
195,"J-funding/GlDaily"
11,"JOVIAN"
180,"Katalis"
135,"Ketchum"
174,"Kingsoft"
240,"KPMG"
258,"Krescendo"
208,"Kyodo PR"
124,"LBS Comms"
176,"Legend"
224,"LEWIS"
296,"LongBridge Tech"
168,"Lowe Comms"
290,"Lynco Premier Delightings"
187,"M&K PR"
247,"Mad Hat Asia"
242,"Maison HK"
263,"Mantou Holding Ltd"
6,"Marketwired"
179,"Mason Group"
305,"Maxima International"
172,"MediaOR"
144,"MediaValueWorks"
157,"ModLnd MOMA"
145,"MTMultimedia"
117,"MZCAN"
5,"Nasdaq1"
86,"Nasdaq2"
143,"Nefire Media"
198,"NetDragon"
136,"Newgate"
193,"NewMediaWire"
188,"Newsfile"
266,"NewsVoir"
129,"Ninemer"
215,"North Equities"
125,"Ogilvy SG"
175,"Oki Electric"
237,"On Target Marketing"
132,"One PR"
101,"Pennwell"
300,"Pinion Newswire"
248,"Pinpoint PR"
225,"Plato Data"
10,"Porda"
140,"PR Asia"
277,"PR Bespoke"
164,"PRecious"
147,"PrimoPR"
13,"Priority"
227,"PRise"
128,"ProBono"
288,"Publicize"
12,"Quam IR"
178,"R.C. Bali"
121,"Rice Comms"
309,"Ri-Peak"
265,"RNS"
219,"Royston"
64,"RSEA"
229,"Sand People Comm"
298,"SEC Newgate"
106,"SES"
204,"SI ID"
154,"SI MY"
123,"SI SG"
158,"SI TH"
307,"SignalPlus Limited"
110,"SIWW"
270,"Sling Stone"
16,"SPRG"
182,"SPRG Beijing"
284,"SPRG MUSE"
281,"SPRG Shanghai"
216,"Starry"
116,"STB"
311,"Strategic PR"
272,"SW Strategies"
275,"TEC"
239,"Think PR APAC"
160,"ThinkAlliance"
226,"Tian Lun Gas"
222,"Tianda Pharm"
205,"TNG"
280,"Tong Cai Fu"
177,"Tonghai Financial"
285,"Tyche Advisory"
283,"Vitalink Consult Ltd"
217,"Viva! Communications"
286,"Vivid Elite Co Ltd"
115,"VNU Exhibitions"
243,"VS Culture (VSFG)"
292,"W Comms"
251,"Wasabic"
156,"Waterbrooks"
152,"WeR1"
15,"WSFG"
207,"Xiao-i"
262,"yourPRstrategist"
303,"Yuan Tung Financial"
252,"Zeno Group"
302,"Zhenzhuo Group"
295,"Zhixin IR Consult"
